0.011318443024588603
0.017419885363360459
0.021898373966343036
0.0021184704897272981
0.0084702033692213245
0.012072747752254778
0.015317941108455998
0.00267598373684627
0.012196729994842453
0.023672171100594535
0.023610035271806627
0.0098671090732744843
0.02146092368192095
0.0038419676394234261
0.0074351335821483582
0.023064128123292022
0.021280127161486157
0.013802153192783219
0.015804206811457451
0.0056837348194626932
0.014194216649445543
0.0087579973668124381
0.019327547211210078
0.0017252010856290156
0.0044398213743183229
0.0041588105623412011
0.014439013660363622
0.012827826767816543
6.2816129780496506e-05
0.0076797671603500246
0.0010932124472148857
0.016595169194482701
0.0040843403137084773
0.0023802936339988976
0.0037606993477904858
0.018516488274415006
0.0086814257244045481
0.0094174343321061088
0.017989536996417654
0.00299865137437497
0.023702111646247671
0.011840271365068527
0.021073814749239091
0.012053692577746095
0.0090714689707357913
0.012930043495269012
0.013267841570496888
0.003742355838339791
0.018997023225611049
0.019237425842543881
0.017841732220752429
0.024410420301301267
0.010732157180302742
0.020191242271444875
0.01357777545111492
0.010149503413850593
0.0077216811631170687
0.009109838396749061
0.017008192139244583
0.0098674287194483075
0.022245104963094026
0.011030510777035306
0.0017138076233768379
0.004560650776758427
0.0050217128945229429
0.013581887148487702
0.014430707768645112
0.0053945007931645184
0.013983132377100579
0.00060255543532981577
0.012042546891057798
0.023392918455050649
0.013733815001035071
0.00060763188245156015
0.0086923346928550662
0.017772261883149579
0.0071498152972201282
0.0039145383840741002
0.021598073226663371
0.0048804688916632153
0.00068539352420668475
0.020378239963564047
0.019392997971677817
0.00150993633453804
0.017078174231327011
0.019923322160752616
0.013666732640684607
0.015892093708513754
0.011468910912281419
0.0026006634670466219
0.011450833417296264
0.0020293423849639435
0.024861449372076683
0.015694320651781779
0.0069473946181982053
0.0030510693361477078
0.019213381670566288
0.00576593900422738
0.015759263183191607
0.0032264382796495612
0.0095297303119739503
0.0067544961882654436
0.0062822136743597946
0.017018989667084782
0.023589044094061169
0.016053604468704644
0.024374968963858757
0.013253690276683392
0.021831422229316264
0.0076884467109237234
0.00052101299354061952
0.0086144365035259584
0.0048384212871738089
0.021874703427408
0.013822630379078903
0.007141974639812562
0.0051996476777591257
0.0084289099734539148
0.0053389294862020058
0.01336196274472747
0.0060075515803525679
0.0029143400764529712
0.010939762531403632
0.0040147461235814771
0.01584360956903582
0.023589443445261381
0.003017501607941946
0.00857707186701963
0.021322975985393129
0.0031263335366451318
0.0035168698155349809
0.0016052563342272197
0.020112188233483232
0.0032419192977885445
0.0032377886299792555
0.02470544118813851
0.022119914548517968
0.018058870549514237
0.00028034590385186243
0.0064258059318873292
0.0049188566305848145
0.0038866374907733738
0.023309728506770849
0.0096865458801765683
0.0016770139709279754
0.0080168850682463162
0.013107972366684623
0.0054257558110382799
0.0061655283590082606
0.010293240114944169
0.01441472861468914
0.020827055096567338
0.0065036775945583377
0.015575491152726332
0.018115337291246012
0.023165490210308729
0.0028513253226242837
0.0035878322745032188
0.0074513326666225364
0.0029235125852131731
0.00042467020405263713
0.020746303123843127
0.013326091175343117
0.011979618139450648
0.020135608875519254
0.022421019418472316
0.014453356737279162
0.0093126912280288854
0.011121388939176862
0.011295990824865411
0.0083328167521851022
0.020743894472799309
0.022834391297227943
0.018336894137631031
0.0025031921024315268
0.018964438241488066
0.00762460807490854
0.0024977983113400452
0.021505317924944367
0.023493233971927343
0.018972431431977851
0.01579778702712278
0.0043610440001918462
0.0013180569548833755
0.013145033016039918
0.015593658357118933
0.0099783085911896632
0.0022597802955513389
0.0048011346243848167
0.0088410796382574573
0.011116882419389774
0.017632764567579975
0.0065697690153299097
0.015096668561090498
0.011194901084749439
0.016153415563500088
0.0053282885758486609
0.016491605160022332
0.0032409586036172174
0.008559513809562538
0.0034310618863985821
0.0087607519355709512
0.0099650495917355739
0.010393315205626098
0.0025152332241823692
0.018049031666770823
0.012347234032814231
0.00080290878950591612
0.014004015587759872
0.0020155715882584891
0.020459404985971187
0.0040442383994101095
0.010073727917070164
0.023453541957564248
0.022186943933654137
0.019712245289742188
0.021906471585457554
0.00032476471071784136
0.013235597908413596
0.018814744230025403
0.0011251543388084062
0.015300259551143223
0.0069639312539324276
0.0091792449602211765
0.019936157567714177
0.02056509618776246
0.00095670795674500841
0.015498325968719322
0.019311579685230798
0.018794162139057935
0.020332689405145134
0.0060473279405945093
0.019184420717010018
0.016903172380723017
0.0051393311927118166
0.006259006944617623
0.0048783003710554853
8.0514058947822351e-08
0.0010134111134972553
0.0088886114467684792
0.0091281060229927713
0.01899048718940085
0.019819269540642934
0.01512934460076539
0.0039178971893975879
0.016452533088535577
0.015415545637066458
0.004339513419237666
0.013803642008001491
0.0036237658549585941
0.012219751302831986
0.019981717282753879
0.00061797288122758618
0.019460944801894746
0.022608326776644372
0.024853301044186524
0.015529107290451849
0.013386177057497011
0.018796086005071572
0.01819757290016976
0.0020522054861807693
0.0027868510670587816
0.00035378021887832241
0.019456099378195264
0.001207066075053636
0.012422909917108994
0.011226347783226271
7.9813586207554263e-05
0.020949703602188424
0.019820346209635863
0.011209781870107453
0.016723005142275323
0.021545057879461399
0.0029593294170040143
0.0053263056013846434
0.010028112873499126
7.0450361380151787e-05
0.016638558146949228
0.0041225939761490409
0.00062852095130351169
0.011322170876449648
0.018700223163780373
0.00047409831801826374
0.00020016747851589163
0.012821481959888787
0.00055075295968687061
0.023859354092014461
0.012767994338391372
0.01683341493687392
0.015484156683185209
0.013731267986878246
0.0049766507304165111
0.0014993693844856278
0.018766883102300402
0.011838591179726382
0.01713243322537341
0.0055199261936321039
0.010916387907849779
0.0004561526339323886
0.0070550632990098051
0.010949436216218321
0.015905075193398226
0.01396585962897014
0.0097499341243645569
4.6516654867625574e-05
0.0035173715889598193
0.019135910882228033
0.0030365787135728049
0.0017184892532918421
0.00658565813661211
0.02473788910907445
0.0051165966572279563
0.016945818139026746
0.011007684567603537
0.022399333289227653
0.014559927673460314
0.015258249607701313
0.014134552597812185
0.0043249039445515738
0.023598877310599082
0.015322676710861344
0.016709603753571566
0.020665613160397802
0.01350313775794835
0.023278990219948142
0.0022624203016513465
0.0040443001032264775
0.0073071803272781299
0.017425800722755434
0.0084416258688872359
0.021785696673445553
0.020928520003126668
0.0018301434839736131
0.021195989284341129
0.0037023495962626523
0.0028088327072782566
0.00091325350343205607
0.023667327474559345
0.0093291655399882645
0.0020684090852304948
0.018927908679186721
0.017685021646354819
0.020482725708237629
0.0058145274346023271
0.017944186803063204
0.0059381542146007002
0.019585827044890824
0.0019669295867706465
0.0078781056244303753
0.0083922762883993293
0.0043704464471872517
0.011710087812104104
0.0039520359816747463
0.017107356968318745
0.02212976778715121
0.020803635426613232
0.01150798981024813
0.021966870730982094
0.0021073210342542371
0.017340227977545669
0.0023315304423318995
0.003842391670905246
0.021004456753144652
0.024236210946675964
0.022468759966744623
0.014110420804430729
0.0048267256599233309
0.023147755040547092
0.019538666931776173
0.00036899136743110745
0.022988799300205594
0.017867072373677319
0.011930831456429912
0.010713063802450009
0.0083643455616219838
0.020636565182271215
0.019890889359628211
0.013312269998117838
0.021980988752574405
0.0099307883997274016
0.0014181311180320119
0.0025279000778523821
0.0114486324910696
0.019569753760469887
0.0040520740607918092
0.012055029048534458
0.015173049624605781
0.017590199348750141
0.0097085413983065885
0.014950209058516559
0.01758910674174724
0.014386735895285248
0.018090351279799612
0.0200573290384208
0.0096421093484799127
0.02057400504609332
0.00096529890270538891
0.018809150783039137
0.016914134432842724
0.007722914192401645
0.0084845461564432116
0.0057911392891236606
0.019818245788214645
0.0051418194924137553
0.0095297953795602016
0.0024259117063521883
0.0044287079294114884
0.0064839498105436159
0.00076198935415594114
0.016874110561050724
0.011063362427870189
0.024819517469893883
0.018340573875489295
0.014412654364307073
0.015334068055679419
0.018869535531946157
0.0079109528617943067
0.001628417509645264
0.015394929028442915
0.018167181353805774
0.0056995361692933682
0.023840596156746691
0.02104143914919902
0.019633419518510192
0.018592819706176551
0.0062560473381729678
0.0041293792010112232
0.0035541141993603114
0.0079003382714414941
0.01109057833891504
0.011438396325913518
0.021471073552269574
0.020077952212503775
0.0055074715283153931
0.013024266532267187
0.013944252984735077
0.0099043780833024449
0.012593784708898267
0.01880518458916244
0.02257231294049316
0.011893698974160358
0.020395469186249609
0.011674592809165246
0.0014590761186992986
0.0082074914818049665
0.017480832866763271
0.012615130832055701
0.020732752307126054
0.017720688794954493
0.0091823216265210245
0.017858937177968062
0.02226490736626582
0.005902745976363988
0.0078481877075742626
0.00730406430222145
0.020678822294037363
0.013699486067816995
0.00056452969042766765
0.023786260195406046
0.022668781000927517
0.0042491244643806329
0.011897842383466259
0.00023255365347490627
0.020352358164155267
0.021599636187656267
0.015905440515121091
0.011042016135559002
0.004903968835266192
0.0097660536773458498
0.015912790467443719
0.016074732507156703
0.014894406123580809
0.01607610815846806
0.0070270188105106537
0.015547870654553169
0.0008104226817069578
0.0086620866329696639
0.020666934819877646
4.2085758846164001e-05
0.021077180172257532
0.014045736218392613
0.013425846825997354
0.019147579420171694
0.015083119801156617
0.0024244344993966998
0.016012139551983443
0.010880490758225371
0.0020707792127772672
0.017180179879866576
0.011615379549993058
0.0094762673719354321
0.0066075407271415608
0.015402897034072178
0.011729548454031442
0.0071862951512029795
0.010819278766076934
0.0047090013672933858
0.023946863185174475
0.018428334181120831
0.0079100749840906297
0.0088433795020348566
0.0072997031587617826
0.020945185954134485
0.016597472489286381
0.0050600841764496347
0.015345909202583507
0.0030819159807671777
0.010162269210713285
0.017260833760382229
0.0018100348649047809
0.0098011303126312749
0.019393768545628125
0.0091783788566747009
0.0093693774798608073
0.023484370024219485
0.012315301287562102
0.016588781148308578
0.0041487999067607532
0.015172656353460955
0.0099401888236537173
0.00851092066389917
0.0054867559520915665
0.016602782335335312
0.017893750732976756
0.0016661312197383501
0.015527019509163912
0.0061384649670614376
0.02156941341082938
0.0011883788592110657
0.0029280249469101033
0.0032336419041864369
0.0067019100549070166
0.0073239823157367845
0.018886695761251408
0.0090187770012735754
0.02467738059696355
0.015684108316341153
0.012129463881957877
0.017189899792681651
0.0021395762068953743
0.018597710613329356
0.0054581525949028266
0.01968228230011082
0.024678569134041806
0.01357673749294489
0.0042932234442134478
0.0054702209211503266
0.016606403540929085
0.0039489490398056364
0.017133890683386017
0.024762088667373002
0.016215811070337996
0.012270665952759208
0.022862823217445673
0.0057654500292726053
0.010753261298702915
0.0060470267400150653
0.0077444465591809024
0.023902971517526839
0.017207147502376108
0.022453631014746914
0.020648107632579005
0.010191511633672453
0.02137290050605424
0.0035457158738814369
0.01989710185817201
0.010906580260039119
0.0064336868725717406
0.00013804452514168085
0.002541910996685728
0.012043126304322685
0.00036998019556022102
0.024184791643525719
0.0072331374003123203
0.010627083461504601
0.012247313452248471
0.0053082186271853609
0.018368867608998765
0.0069400890166697654
0.020963288569559001
0.012207380266848759
0.016251551927364178
0.017699588517300739
0.01463671171923929
0.02132607019416052
0.010944561058092862
0.0028020059474008065
0.0013812478374485081
0.024030581230096399
0.013449968555200375
0.020434404200752824
0.0027974764695664757
0.0031963272688205727
0.011918194931484279
0.016177120531057507
0.019296297966085771
0.005470605369077698
0.0082231146861340473
0.012343597535361977
0.0097596405557065693
0.0011363212246939612
0.011431039700807529
0.005065801104413778
0.023861616804812528
0.00081807457897806451
0.0022463517255983906
0.0018677640964718594
0.0018276095965474831
0.01353062883177898
0.0050478933070270361
0.0027067021492814128
0.0077240133492303209
0.020512456618579734
0.013143168673136297
0.013412458823740897
0.014188058558874009
0.0093025210347777304
0.013743278309093289
0.0025832334345643015
0.0093798970902222358
0.023413548732655068
0.020912108930839078
0.011790049230237954
0.020614695816360773
0.012562695937842906
0.01226443989841179
0.0067160616011335775
0.0170274695366209
0.0074513431172044944
0.013181262722546175
0.022236222689506098
0.0093048095206594451
0.020463024341959644
0.014504234632935537
0.0070416829535943264
0.0013447730762794943
0.0059239058421811036
0.011911884675589762
0.0026421067031147834
0.01185026039028019
0.0075580323721210112
0.018414579138705232
0.015454443121692337
0.021145130565027172
0.0050231098494400378
0.0050208213749062822
0.012705642277927134
0.0016685281935821211
0.020835758510999777
0.0081775343052671277
0.0087344807287071773
0.0056635151710584947
0.0014073324710411539
0.0063049096973363814
0.010109049733914317
0.0014233085662181393
0.019241542413309248
0.015528047058793119
0.0033432051384132532
0.013283069143403216
0.0048214964350243349
0.018985959736657596
0.01363166667020357
0.0061949626229323854
0.0052229870202585077
0.0061571304841242054
0.014175683348842826
0.019367705636022265
0.024016082359292673
0.0030588249802794383
0.0083916330430921712
0.017143280820489701
0.020812795724929639
0.02189621879229102
0.010362752618545261
0.016408511905881919
0.012759539009514197
0.0074750961561966013
0.022729935341788951
0.00279573684431291
0.016082457380559981
0.014873994751692968
0.0038955500513850332
0.011012516547074832
0.015006149608184988
0.003164993553885265
0.014182985576301379
0.0041178315500720666
0.016876860240294701
0.020635713103788554
0.0010430461016912617
0.0036419558667664083
0.013464254154688833
0.0037469460097882272
0.0042573666231315492
0.017535834710557315
0.022152623547691194
0.0019770243940806409
0.0042353333022790776
0.018550812532333597
0.0058771442371808608
0.0099546256298823441
0.0010416675982788826
0.019405270805322037
0.0063249093407282252
0.0088092501723633886
0.020874464993306509
0.022299204550497526
0.017817520371926625
0.01462518427760382
0.0024962543106400205
0.011381233648665048
0.023157900214471124
0.014477801917473882
0.01258854954539787
0.021693942207587004
0.0061842449636585464
0.0095083221589033051
0.0055026202153524457
0.015609478489718607
0.017341207973009226
0.021936262544257516
0.0067674916902813976
0.024320722591329818
0.022046751862863256
0.010165776183730116
0.022813149650149082
0.0018822175868743825
0.0054103386644740251
0.01430358357442052
0.0038099763019641525
0.0060727524837045563
0.013111920091999347
0.023688620347865286
0.020241857629517423
0.0049870147294826415
0.014283189373031389
0.00061098162445842206
0.024183075665491251
0.010748158168420535
0.012647948512578258
0.0059750898842489538
0.019982543933680291
0.014187213204609833
0.01015460605980764
0.0077177919187623656
0.018178658902161627
0.018392239941709031
0.0027737764798117272
0.0042317759318909942
0.018518196273028965
0.0027942799156711376
0.0078930342639642638
0.0047045533104141425
0.00018113119968288845
0.0072686528870979667
0.0065640527278539029
0.0070124722063368613
0.014131995074428839
0.02153922337757011
0.015554519124916181
0.0022150094676809959
0.0059354248864222124
0.021384379890974931
0.0015371195663731376
0.021200238728213007
0.0020557614332736293
0.0072511591837073749
0.012907149335687321
0.016503738826115204
0.011027197505144687
0.021503029181829073
0.013705238056157075
0.0071087896899420869
0.011622710698659902
0.017002834690697244
0.006153188658804945
0.0049245348350115629
0.022578643196659396
0.017089664801726363
0.011021125632983833
0.016568767530696221
0.020631333339179565
0.0028246296669374137
0.010847804891074933
0.0063953902787843037
0.012730522065473811
0.0022354548670459858
0.011894604157197277
0.020767766786035476
0.02432707900081486
0.0074826757515451788
0.024208598327193569
0.015624124252998259
0.02105988739079763
0.0017696039931424602
0.01299479506509944
0.010588854036962969
0.023886288374101561
0.016445122892980318
0.024229241924147157
0.00077543923173620808
0.00060160752479604548
0.01461129668264048
0.0040301768538799397
0.020642707494301204
0.019982710169909032
0.022245660178028738
0.0096045559087032384
0.015777902684431844
0.018533258761872624
0.021845118276000174
0.00066575865448897432
0.016017692910096616
0.0088891831839234201
0.0026019335663123254
0.0011760832658234872
0.0051822505694627151
0.020887430143618258
0.019179645516309185
0.0039475708133693459
0.012167018105754256
0.013969974623872899
0.00017453111062914215
0.014181175693642651
0.017469735973044281
0.020846592369050586
0.012517229656515446
0.022785053912272431
0.011244582414607488
0.015944859721035248
0.01638682581679082
0.023347483634361448
0.0037714049897601414
0.01781329109991265
0.012526304952775158
0.02126113942633278
0.00068010355911824144
0.0032288911438326062
0.018167161873386673
0.024722309082588365
0.014985852102236444
0.0014848573785417607
0.0056116325990689629
0.013572663853613876
0.012163870477815286
0.0103368228269056
0.018435529257168872
0.020565432516352698
0.0033713953540280323
0.001917409000856331
0.024158649120394386
0.024435443148058837
0.0021886716899377693
0.0068484426605688233
0.010335957882665128
0.016867797956522882
0.0020805775182446275
0.016012433525603116
0.0024726421571602524
0.0075309468709844054
0.011251097255002278
0.02208534029451404
0.0085649291820108116
0.02425289539308809
0.024659764990507642
0.0045813320632183373
0.013956246574641498
0.014931785249033269
0.020441565118196638
0.016340671303941918
0.016037802001032109
0.011365984453825449
0.021873023485861939
0.0048817524643455113
0.013953849229992753
0.021447194100462495
0.022402746455427267
0.019053341402463852
0.017065927815484126
0.021208031727801568
0.010375419719843095
0.0067453667187312829
0.010608942904058394
0.0055855427854356286
0.012995260873099367
0.023235582400776802
0.0023808134028076751
0.023162364114638866
0.024110332072088087
0.0031159316636785199
0.0022948758466026556
0.016617194853216818
0.021574838810504156
0.0026792986103713564
0.019914983810451294
0.015274807174377335
0.021103923858244229
0.022481327479520558
0.0011082469844822963
0.019457758015870366
0.0028354921136411674
0.019592751988728566
0.01320261552772679
0.021058531143369467
0.020149661987568034
0.023477984326198194
0.0080290466984539195
0.022713250125539028
0.007070787548052071
0.0017989710585001799
0.0096084016206254216
0.010983722992088765
0.0073799140349265708
0.0055104463967950764
0.0022628959581460096
0.021801091464773811
0.016082124885559369
0.023704648238549238
0.01702545438767716
0.0045506232650009719
0.00014497576795025229
0.020023818308412485
0.0042887150860807955
0.024121122674104968
0.018411046788222352
0.0073089994182049941
0.0041137982678588723
0.023470497701990008
0.017772358765665696
0.023847113190978358
0.0085516019710917598
0.014482155465907878
0.0056018323657575572
0.00010570182864848097
0.017185968874935207
0.00043987968369530556
0.0090728144072631245
0.019326294256240262
0.00054687328145768682
0.022107667135714919
0.019186457732978703
0.0045536038859252479
0.01874831867267205
0.022548863108857113
0.019618678363571056
0.0037127707636091414
0.00042673695074445955
0.013233984398936915
0.0011818682436388818
0.0065017285050906976
0.0097115737188250163
0.022021430442600826
0.01350542848642362
0.018424218060159418
0.01431345981701713
0.02100951872355181
0.0031418652755706568
0.022898621521151231
0.0039286277877076808
0.023167966645723879
0.020261518946682211
0.001605852978282495
0.015877397766112758
0.020114351327015098
0.011675077974245706
0.012337943960275545
0.00062666001738092213
0.0071743745165334669
0.019992636756437625
0.0063323144530906756
0.0022373375092326958
0.014444471214585863
0.014364818799775565
0.013524701761854186
0.015693243086387074
0.013077195736991943
0.02072972136959679
0.015842696861108875
0.015090653877602667
0.0054767242605341798
0.021558906397940131
0.014926342349067281
0.015355307750199667
0.024004880810577195
0.021342685026435146
0.022049263674781824
0.0152474181078706
0.011171381377576329
0.022300582607411683
0.017285548721093641
0.01074014168136329
0.0083497194867136141
0.0095392000403753136
0.010935425414313296
0.0054238040143176911
0.0043657774817840479
0.024597288099439008
0.0089574334190406849
0.015800560444125918
0.0049370733694877808
0.0066887678070834886
0.0052915425065284075
0.013380234056983341
0.0059404207180282385
0.022910179052176592
0.0034638286759188933
0.0137107523605046
0.022326979390122206
0.022814366173236671
0.00055999534514678613
0.0032759163984926137
0.0071903953087875021
0.014442917999245932
0.014886817005404798
0.016705141808715806
0.015070698282751729
0.013548479256639901
0.010097741515961593
0.0072811955643293921
0.017815318548019279
0.018890311566067314
0.011729235140506233
0.016790061958125262
0.021260010115735244
0.015470723122183321
0.023796659128948794
0.0042633680235933955
0.019184774225655201
0.0013750064532085319
0.0032512487401135646
0.012391169364259857
0.02090408361296751
0.010758519501620118
0.010110172155606905
0.023518339898986357
0.023013154155993549
0.014564475546273513
0.0026616262740352596
0.023452777918247559
0.0074925599365235924
0.024339962223280349
0.0027792051304918893
0.0045894398293279508
0.011112906532851416
0.0066393351861737983
0.023783756494886198
0.00082723511876254857
0.021286511101762245
0.0034164090736577011
0.023871712876184555
0.0017014306796848306
0.0024412471090249303
0.0068986559746206074
0.0043106876491554764
0.011726494039591128
0.0062546504196106878
0.015117704125914691
0.0025270568567707132
0.0033937917205289249
0.013171026838093325
0.020425845778878224
0.010332700507035462
0.0097057261277268062
0.018630064275775588
0.0036282345433023837
0.0060718848857102261
0.013344329715759558
0.024206965947836293
0.024148274592611967
0.012771938763152855
0.014353428358441445
0.011069772702388223
0.023391671100015197
0.019152637537920937
0.014371381741364316
0.012522004492611392
0.012117918564227781
0.022938843645652466
0.0029958809855759839
0.018337947390763588
0.019473062758066813
0.019649587132526194
0.011223499836743841
0.012912690230016991
0.0026173844049674714
0.023156046798779469
0.015306753092742813
0.023182366206644402
0.022282699604793663
0.011930683011979623
0.021574528486708561
0.014984454738867696
0.01573548407686318
0.014847611942645641
0.020825702504669311
0.015665520029455149
0.02387109081338579
0.01912971526634245
0.0021663786406511702
0.0057176275969247911
0.0074694286279911627
0.011104472597595583
0.0069237946009943364
0.0075076936680955643
0.017403102574040364
0.0012381098651222675
0.024156534650661546
0.020385548158395377
0.023897439901740689
0.020350751443739375
0.00084204816315090942
0.0033215668819579496
0.010842633653074082
0.014222850261179391
0.015130146625548374
0.0028836720914914554
0.016592078327212923
0.021414550480299669
0.019780274329880929
0.019728858984002569
0.00038177551714497674
0.0022809402831768222
0.00075005984935782677
0.0032132813900285465
0.0087086865889418781
0.0023122440928429614
0.016509464627116419
0.016042003783213566
0.022945380708606473
0.0042650541056805293
0.0040313995808334228
0.0015083242270519446
0.0014329739501164639
0.007446341218883515
0.01407965056153253
0.020271128123014435
0.012317370791595087
0.0074482384522858314
0.011187153311381105
0.012054809970291951
0.014924468237726854
0.011840498986975007
0.023247166203772936
0.0085681747899304678
0.022543445807679884
0.011795281034516953
0.0095888452875991046
0.023102794468781218
0.0096443949652505103
0.018251125311084682
0.015609284900893076
0.0099442189583010109
0.01727642428267618
0.022518553253894489
0.0023005334162542954
0.002976864204154832
0.021564683752175594
0.013815372884782469
0.015749580744384786
0.024086804387538442
0.0027421180337092021
0.019076373514454726
0.0045057436507498615
0.020810173687844276
0.00035503140490842776
0.0049542702641637284
0.021109760639877653
0.022171846860847499
0.0063782996471978843
0.00055653831451645788
0.019495185075702474
0.0028910705491857485
0.010834270274031966
0.0081383303247871894
0.013695617434944348
0.016208698382052796
0.016289733508256247
0.0090994231624941611
0.0058796464683067498
0.0045626810310663247
0.023334602334116279
0.02005151382255968
0.0094636852597973879
0.0030969784848840533
0.0052586760849827928
0.02153179250255086
0.006396600523607146
0.021004946830060586
0.0099864750245393479
0.014199698094435168
0.017141237809938162
0.0085313111623664707
0.014124704815461582
0.018198159056326421
0.020110339063234259
0.014540032642235612
0.0085475609330203407
0.015587792291539674
0.0080538295720418464
0.0029509515132814194
0.014771502091553659
0.008216096983833205
0.00070105531963286121
0.0068678874749154841
0.022458027040818656
0.014401130672593621
0.016930248866890991
0.0053570180340983976
0.0010251070270627337
0.023556423475711838
0.00022146939621533663
0.017682853933046656
0.009351837565176567
0.018417408995958361
0.024639511124087233
0.018788761177702618
1.5658213318120266e-05
0.0089992353396752198
0.0086631297258235544
0.019186820202523453
0.0023630670386724281
0.019863131371402741
0.0034389844421135016
0.012425220307157325
0.011143926487506327
0.011108447522350462
0.0086249984988809748
0.019601297493297018
0.0075131496452790665
0.0037776061496954069
0.01430149306012905
0.024518351502371187
0.0094859711302965419
0.0072656591819817221
0.020160105283225607
0.001793603855603007
0.017684669742573177
0.012125060822763071
0.0061525131002332619
0.012624913814755211
0.010593602029051902
0.0088159244427363764
0.016874342320306129
0.015588404477978293
0.020661856827521956
0.016625715959421774
0.01372975084909559
0.013989184681354046
0.0070138691545076643
0.023559288824024673
0.015504636656526901
0.013471589028297206
0.0098997270144382584
0.010772602255453147
0.0075992594405862217
0.00063090339001860014
0.0087467788442759827
0.010956514025627629
0.024288969945208058
0.010988701376737246
0.0063508635481212238
0.010978096845972214
0.019842932058649485
0.01734364463073116
0.013707381809636586
0.017912885001576583
0.00015618823713864268
0.0069041394288793766
0.016942277046931627
0.023730319337216768
0.020109670645668865
0.0093342876551807275
0.016197699991208441
0.0074406881824488885
0.0096801659355833219
0.010755330905177858
0.02037969105747758
0.0061981178558182153
0.0073100200241607493
0.0052100245242835538
0.01185642750695925
0.012928800235378238
0.013341051222141166
0.010691572104236199
0.013635617147272299
0.012108718665192723
0.013343611288169764
0.012683727609095183
0.011451518324521334
0.017208329650424108
0.016558437972705911
0.017903096522663572
0.020842585642397975
0.022116924601739207
0.0045609238776289883
0.014114179643021977
0.0054609705151129817
0.0175366052315288
0.012299489397872378
0.0090296929106474817
0.0050443108383530517
0.016910939358585404
0.0094023085054559304
0.0014662366112401606
0.023941874622842196
0.011274476655050578
0.0060343779063153991
0.0048028719304037976
0.00030969358859809707
0.024511058152515402
0.0027106614149017528
0.0063524901627123225
0.023081118479851535
0.011246971272086733
0.0079682403274589243
0.010502762204965703
0.0020373531738803337
0.015469836903587263
0.019665623166546794
0.0079405506665090816
0.015052865254606416
0.0049430854077648703
0.0075337092685480549
0.0024875244218563568
0.011490011030590202
0.014499770446071512
0.014227499011266713
0.0056304851842724699
0.018559834972736704
0.017401670964638467
0.010581071396457642
0.0065386025510465497
0.012764629027357317
0.020772447468920159
0.0049312670069704091
0.02298664347558722
0.010791126543391656
0.018314523947883059
0.012575605392388965
0.015385086948750359
0.012185550031543221
0.0089008708766888569
0.0092616800101349914
0.019423292379504662
0.022532663924601366
0.013228318685747309
0.014966108717073117
0.0011264427601810675
0.015185816832932129
0.014106188679143225
0.018971112486964203
0.00030847166694560941
0.014473882060743726
0.014912709763488709
0.018813362438641491
0.01219838507541042
0.0067900419033376418
0.0049912513558131467
0.013508811915250324
0.013925125967697023
0.024822956034986028
0.0034290680905316464
0.0024519273867135683
0.018024650058083711
0.010123714093577225
0.023919884068935322
0.014537759598065912
0.020330066773564217
0.017202516905566533
0.0074114642098142168
0.022466422708678803
0.021929402792703803
0.023102188684122022
0.017328806724154232
0.014929462630131755
0.016527624776635656
0.0089001936554802957
0.019876979471691165
0.020348973709727103
0.021447355559370582
0.0047973871544617439
0.022243070180089267
0.021669205121675306
0.0094938319076640076
0.0030309651793783321
0.018302162715144395
0.020121326910645373
0.007853577158221263
0.017364074261201571
0.02261230546833156
0.013577090528928642
0.015146925496521276
0.023684746580289066
0.019933197667694975
0.0059277607287572115
0.0033126443270890386
0.019433368568510502
0.0093625169103863527
0.019197275608006575
0.0038593709425827124
0.006964576939989542
0.020043444509333042
0.0034092612090619685
0.013497071839732264
0.020545139253798854
0.0083322810357567296
0.02239374485438498
0.007447581590797319
0.0036200277486446333
0.022835463487552467
0.006447732731311405
0.0036604293010066647
0.011880495437412521
0.0015635672447592908
0.02276547025543129
0.001380614838234955
0.020477990706402254
0.0007788276993221855
0.0037544460878878153
0.021386037186211238
0.020115884685217859
0.013513916643811146
0.0060436423881836095
0.0055951803276429093
0.015388316522675867
0.001234529123303559
0.01215755576680296
0.02229341471184023
0.0019414275717454831
0.017193488261072965
0.0069596569294538713
0.020908212515193932
0.0014680864745236992
0.012130506848734438
0.013957985630493306
0.023627432597587397
0.0073194381374324319
0.0080324231341118175
0.00092570895141233761
0.021762511616591675
0.0044448401196928384
0.011358441759047214
0.022045070916408335
0.019472187777568317
0.0021086522165380873
0.0090329881411020333
0.016466125538418266
0.0028033498281941544
0.010642916714235423
0.0044255170756161161
0.024690645865028431
0.0080707220820347356
0.0067016208763460454
0.0011454965790462682
0.020292687637422497
0.0016776374030323291
0.022799364036411862
0.022897622124365351
1.548530848705473e-05
0.00053966626075852323
0.013326224413840902
0.0027655873729916782
0.0081296590624962851
0.023657852792311456
0.0057574570806665799
0.018878608325628574
0.005320069396774472
0.018157079631525023
0.015870389997688906
0.017012169123867035
0.0036445471575086734
0.0097529831364291681
0.010742884861974014
0.019644349092387218
0.0092037462870608912
0.0023523377324112279
0.011735404938147759
0.00090985455258667063
0.016366324996042493
0.02384781185139289
0.017077556620864822
0.0051243832384668224
0.024740176582582825
0.016078828993765486
0.012290952197966639
0.011610508571511588
0.011490372849959211
0.019179439197474921
0.010537094340583458
0.0032467545048357506
0.012911737986437027
0.0014374463205182415
0.013810811412710495
5.4540027625960977e-05
0.0026766018355623145
0.0033599565815793826
0.0040916125279240314
0.010141968134938463
0.0040458018244769736
0.014352142352344327
0.021216647429025532
0.010272453489709619
0.0099493636368004242
0.022254180976402402
0.011974489038221322
0.022706782871938228
0.0088779089846496261
0.011241818600804039
0.013800186473901683
0.021382208649940719
0.012994901299462396
0.017769977747337795
0.02107674522541933
0.0018785837420113316
0.016623747873509242
0.0090564066572787535
0.0089363207462167769
0.013628738451066047
0.018783034042096424
0.018125570476620053
0.022160394953400116
0.008257058789321944
0.001438260897742995
0.008684299338357241
0.0041597388563539865
0.0011673224068668633
0.00095620628808033132
1.8257385326407082e-05
0.021815277404860983
0.0075414865400624635
0.015968717828462025
0.0036370989850356087
0.014137349686647071
0.011845059409446926
0.018466685611455348
0.0048349717490742596
0.018896966325366749
0.024662109222997049
0.0066425524863858833
0.017172865197820773
0.0059758646477147005
0.015539409456601474
0.023655748440177201
0.0057557077980828642
0.015737944692204745
0.0094273622097464285
0.02025005167461864
0.022118722684485542
0.022586621576114893
0.0079434188082757526
0.021541651195920886
0.017453371332370883
0.012261091416896163
0.0080040358334858511
0.017416712884812093
0.016402995541177141
0.010505006753262802
0.01969042523734793
0.013300268695395316
0.010818980218633806
0.020380003413062051
0.0067496481632015708
0.0082093322943330629
0.014470908310470288
0.022833336910162486
0.0013086616128357546
0.0064154132507249209
0.0090949064451645387
0.0052858220352779289
0.02384793194738561
0.0065487335038286066
0.0094046683038263613
0.0077835538330616651
0.00929873345484559
0.018583937066967652
0.015212918650994084
0.017713080114403243
0.0060931512132140989
0.0077004132570730197
0.017284356330943631
0.017853477697418376
0.014578797523072876
0.0097255403229852804
0.0063112122567363805
0.010376891219523465
0.010426854198751017
0.023575743581873181
0.019487276815771132
0.0022073813791064329
0.0061942800167486831
0.0079169485766993463
0.0029003633414638346
0.016787993073409609
0.011754184619189754
0.02439920913710248
0.016652291514676294
0.019909472824647605
0.0065482277837708531
0.0048609696576002994
0.013653927864522967
0.016251103470666394
0.015095396578650947
0.0056289386661505679
0.022492078609259416
0.02079678288968707
0.019233502264047207
0.00057840125106046504
0.013023271268049103
0.0015838644996581596
0.016378880131303807
0.022375896405213296
0.0036367468228215485
0.017093856575592918
0.012958147841805785
0.018296517091427877
0.020485990181967277
0.010290672106505734
0.019340281988301997
0.00016957989344969289
0.012153042609962786
0.018245376813577428
0.0092874001297919666
0.016390132509100444
0.0010670486376338562
0.020086880787427062
0.019954325864683403
0.022074077359653391
0.02162054913293569
0.022808492080681076
0.0080030388109119058
0.011394950648355662
0.021764140881124827
0.0015703774995146388
0.0084019112161022487
0.023436600168462721
0.0053246141806726592
0.0074565436897476604
0.0041272850758638695
0.010085406791895346
0.016203930272322732
0.010734633446535581
0.020463243219444625
0.020819488327708947
0.0074587492058283585
0.01366131107993206
0.0017824447691159118
0.0049517755900453757
0.0101680618437233
0.0055425739805885455
0.0066522878504764356
0.0041275239566016366
0.0081925839422745048
0.011947161025458508
0.015144157185554428
0.0080646093944404303
0.01893948899799994
0.015531197244579955
0.022149403812703094
0.018212250183686489
0.020765520845773756
0.024534294505185666
0.010962054528043318
0.0054576799479146816
0.023029326002267203
0.010852926000543649
0.0023517964059270257
0.014562969737289771
0.0012096647072767886
0.011152842387513618
0.024716712627231203
0.022658729165407183
0.0021396242274721072
0.0031296194766924925
0.020837991556222034
0.00072982193532255385
0.010388091273393778
0.021233968700906089
0.019294012696610588
0.00011429628766617432
0.013260024912549668
0.019962871469055146
9.7784352857106636e-05
0.013804897153312212
0.0081277107293954466
0.013000065137737191
0.011313273134650604
0.018262596108325851
0.016281241229460133
0.024519672001092785
0.0030631809586588294
0.0084632530948736771
0.0017997079753535989
0.007683509673086765
0.015403993333554787
0.0073087489820879981
0.014881972166113469
0.007530063470506481
0.012505660202150572
0.011115303384151932
0.010214281941784406
0.017924743461302021
0.0096703415435463423
0.0062992157264342274
0.024870883839966301
0.014658976736859879
0.014322490741632906
0.010803762288076545
0.016976832113111729
0.008127013760524264
0.016694920983342198
0.0028635201054510507
0.019097305195930132
0.016483404969094714
0.02437819313500467
0.022430004704756198
0.020780173095616122
0.015752522151301181
0.01620048744746715
0.020787994914820265
0.012538852690703775
0.023079280284949339
0.0083695883470060271
0.0075059339552157045
0.011619870031709579
0.015609176903703129
0.014950337449181238
0.021642883134244006
0.019887889605865891
0.017360842049463806
0.0048582976256456595
0.0060926532943720822
0.012081963268180554
0.0076534090171009057
0.00096655799129858081
0.0090983547442992831
0.021547386736676433
0.022276202612051446
0.0056394001305573845
0.011433025831424071
0.02344832429985276
0.020086140590097949
0.0035080287909207693
0.0099922869579664782
0.019459992625894169
0.0054436122417731644
0.011514242010316408
0.0045575548858050778
0.00761646521002253
0.0090962210044285997
0.0058806606601723406
0.0060647028034280688
0.0085371033610688093
0.011591837630914682
0.009801441957005599
0.0058830373565780933
0.014120510981456535
0.01757327974845091
0.019566899869416302
0.0048328343244658754
0.013806285247976571
0.011329001471187204
0.0045429135614162321
0.006014139886130308
0.01012707665251544
0.022220168552064108
0.0060978156712386969
0.017787726995917106
0.0038651053018049606
0.0097531421940472793
0.017057845559009313
0.012966446318259415
0.01239379541464436
0.001534289875663985
0.0072070599839167433
0.019949124032899335
0.0047522797883712969
0.0063013335660883057
0.017011161249280999
0.0032360568754211836
0.0077011302115372274
0.019932936881493397
0.01542028118644153
0.020967803173535825
0.0043444214108749836
0.015440217404820438
0.013387729201686419
0.024085877734022862
0.014572299772249799
0.023713216944610472
0.0060514624835310777
0.0022498316501374403
0.014829905021678202
0.0071124084160169437
0.0050484628164234767
1.977965938728093e-05
0.020294899058794988
0.0094123931228761431
0.024687159151021494
0.0010623335886623991
0.0039537978710440687
0.0028605954089294641
0.022763296894468227
0.021645571432992144
0.0089153687263332001
0.011940090458963565
0.01764494768277404
0.015882550324702462
0.0088518768387641587
0.013129182437498109
0.020431541025783876
0.0010340308022882515
0.024113130005517427
0.0042118386343376188
0.019376078950239219
0.0089657603438621451
0.0042545411816329298
0.018850803474342072
0.021533404610807896
0.0086285680136235637
0.010817518183193433
0.020831794379946807
0.0067218520736934866
0.019692234198315013
0.00038307666715524044
0.0052746588873628739
0.0094425369343477204
0.003532816936338566
0.0039913611125714406
0.016480202480888582
0.00045891832951438941
0.0087599514951362169
0.015657235475038236
0.021730845245266396
7.67709186034773e-05
0.0012547576585910433
0.0032006032979867861
0.0019332787827151168
0.021846538487879257
0.0042540405479470009
0.021863001593782749
0.020388223935722337
0.019407458836475731
0.005434374174466643
0.023787799387656232
0.0027286431158606073
0.010122604543595483
0.017563188389293154
0.006424782553070398
0.013457609356541918
0.011318295652778974
0.012000718418243152
0.003311225990653535
0.0062477445598375031
0.016114799760707361
0.0058117129149370421
0.019902836870000353
0.0075094169458077911
0.0073873537845934849
0.024476200480815793
0.014087459277205819
0.0024330851728009322
0.019601990688868583
0.018139496334461366
0.0065572705524814595
0.013449599939350625
0.016800458960909575
0.019582690715714966
0.014837864694936337
0.007134258174096208
0.0083221699647556095
0.006266365268496929
0.020041440454571902
0.0050311674878807822
0.0064031575363373387
0.0090837343208660642
0.013997024064177011
0.022246612556717695
0.022990869530997372
0.017925295517979663
0.020574132412355041
0.002471151583186823
0.016768086185574956
0.010066325109376424
0.012376377085669497
0.011084184400273591
0.0030685676637359919
0.0018041818238326581
0.017183981657690334
0.022731167736890514
0.00094197516616444435
0.0054830366759586911
0.00801189898622948
0.0082695289968654686
0.003172826898049663
0.00034352888036035006
0.0078113628184904747
0.0048039247516948195
0.0068259781466954812
0.018845479241992445
0.021360268454053991
0.0021073991567681269
0.004374593190069595
0.011489259913099211
0.0064278765635278953
0.016610694345334277
0.014837430680395105
0.0092012772149402157
0.014334756205702352
0.024281543657426085
0.020404530079402031
0.023389115943769131
0.001142315526632394
0.0071816627005482341
0.023352538692620786
0.013955685386113836
0.011503833788926502
0.003219170623432255
0.021411859056725102
0.016255387746323725
0.016524421420776651
0.0064776673244083954
0.018074749427523649
0.012957494497134481
0.02382086078500668
0.022394834749453439
0.0057143619713763971
0.0030687352857171534
0.0022657548569194985
0.011024268578490842
0.0018067313446268728
0.016660433591636613
0.012139269065514609
0.0044708546636566537
0.012644127568137818
0.017885127424940715
0.013719617513569805
0.00921995099645905
0.011842385516563341
0.0075123255765879226
0.0062637373747372743
0.00057956707532540099
0.0055994314160267965
0.01010137746132265
0.0036547151266519929
0.020639927767761999
0.0071095019997837339
0.0025306002562889398
0.0091757327551586325
0.019460473858293817
0.00029924174502331599
0.024800508039036565
0.0047773178874294534
0.010708835428923352
0.019310275376130403
0.019971164131369897
0.019942327232550659
0.011482141494657318
0.016859585627256257
0.0034053372128467273
0.017645872915017465
0.011779859187946743
0.0094195827605979641
0.011868586910298519
0.018694915534213333
0.00086727582600836569
0.0012114168079317394
0.0033896174421994634
0.011612169993946427
0.002286229451482965
0.012123862448812786
0.015016303366558069
0.014360624964476532
0.012661851130863561
0.0091043805233784903
0.013516607021720806
0.017474252033799986
0.00090292735471034279
0.010374047691333826
0.0085581472703521993
0.014267281735110045
0.018166716492368527
0.012577384401534535
0.022706249431235115
0.024255814551883043
0.023731146457040362
0.024007709326899346
0.024200435160022023
0.015619469210926237
0.01347464064573632
0.0011614613462031735
0.013453691124483986
0.0039051735567101654
0.023476469631397243
0.0173705894619944
0.00099004392420419507
0.00051157884154494435
0.011987688267008866
0.023206441040473959
0.001419473370901066
0.016467077482199763
0.021632727850080181
0.017071931810181615
0.0074166445540090591
0.00017386461583271642
0.0034704847593561529
0.0086634749695425305
0.013924434079540525
0.019392757084228652
0.01544664778567454
0.0026934905265223719
0.0061847578465646143
0.023526411188584499
0.0095516111508494057
0.0055277135139404085
0.0092006066301186171
0.0091907587066564229
0.004315629439225646
0.0032267170737521646
0.018065917566358173
0.0085801189478388398
0.0043491457071918498
0.012787863184645188
0.019974349615113206
0.010953106082755213
0.0068307908117909034
0.0068896020194702647
0.023312951273513904
0.012266051740518525
0.0013937105799857446
0.0078787131616893085
0.0245808774872921
0.0056649773465427527
0.013222598396961353
0.016503419740113094
0.016830724536760471
0.0060547615713340006
0.018057893441953358
0.020480805366520586
0.02196923450845973
0.0029566419636476919
0.0090092293090213195
0.02168349695743655
0.0029973789043978983
0.0060164921598944857
0.00805746342900341
0.018463178014088002
0.0065606044479772771
0.024386005394286151
0.02025074761943349
0.0071210742103550509
0.016469288768684764
0.001412470264443233
0.01059342951854771
0.0021715127372925335
0.00091149494747399292
0.0048791891070438537
0.010993558178965144
0.0068680510418688409
0.02079606556941313
0.0031842163771050405
0.016836111179051094
0.014884106183771969
0.0069696990929999656
0.0030214952008698159
0.0024675860915710428
0.012653613212540006
0.014167523871893519
0.0050786552719617713
0.0045926904064581605
0.0020854735283301301
0.021900480661797807
0.0066322922961829529
0.023224878671164434
0.0011810975534833706
0.011065141693831364
0.014020154726706991
0.0060398403697210796
0.024542109760939391
0.0058340630823987168
0.014802627435585027
0.0078982312630055517
0.012176521784308766
0.0085805201196652754
0.010458348193345401
0.0028783584097880973
0.0054112262255628851
0.007753020502163319
0.010375914312145056
0.013020226384691582
0.02002088873344153
0.0081011466464477704
0.024703928208153036
0.0027349947025844526
0.020746023055285421
0.0039966969906176097
0.0052672532955134396
0.018842492732233953
0.019219222193587397
0.013860342922283856
0.0055813668286054264
0.010441950075111329
0.016310383685429568
0.011161613205439798
0.022478380299749402
0.022801136852167059
0.0044251603153036773
0.0072088367258816566
0.018358808223009879
0.0045072363046171375
0.0096469133106303253
0.0068114578555242781
0.01958705377182892
0.0043288306701864433
0.002966745351037674
0.023948827604252539
0.0048545642766599003
0.0078144556731142983
0.018907900066610042
0.019263168595823641
0.00026904323176542348
0.016219929037555997
0.0016944292842057777
0.013314366504345608
0.0054733946717857272
0.0061196286532914906
0.012781970201496351
0.0002664115385869586
0.011349306942104325
0.021091981936116298
0.0023067300072340501
0.00090704197805242174
0.0091269185392226539
0.0085614467375370058
0.023739394524321434
0.0041849871042232483
0.016689309640308569
0.010679389910615636
0.0045990930783110151
0.0093064846399687449
0.010655695706264404
0.0082577018221914669
0.024609087322651615
0.0043294434046302292
0.0087154891528564982
0.0062597880661773861
0.014583799501611766
0.012199149953512489
0.017761975543341045
0.0076132630699520289
0.0051797962503370137
0.0022332999222390154
0.020968141794339864
0.0020426120153170819
0.0071243376122226733
0.016861356676113121
0.020499722005982598
0.014919958449541932
0.017701154485559045
0.018630247155542814
0.016414277408852603
0.0089011609898013502
0.01356334753356179
0.023587789010371368
0.011239304895657096
0.0065377105578535407
0.01869787932356283
0.024504659130435341
0.014979666011442266
0.014127239271161643
0.010303510754766076
0.017878436881832195
0.0050570966665290521
0.024777816521147824
0.0046744672522006196
0.012490788649489472
0.0057989122184297437
0.012341315003921239
0.022271990173819842
0.013341120252826209
0.022178896542193523
0.021067307971254445
0.023584447456414519
0.012314688858199854
0.014172663934175104
0.0077645035457599926
0.0053918703568380591
0.0048437819421103907
0.0057809592994196033
0.017910081993880209
0.008151124740699579
0.007513251897388021
0.012934455681728503
0.020259535776868794
0.023141790666543035
0.012271525148023718
0.018013176730401245
0.02420703393203039
0.018869754038383098
0.00036290535656339438
0.0098197471942559518
0.0070691072762120444
0.023069535575874624
0.022660374534272536
0.018268650987207025
0.01729974562324926
0.0055488556013690909
0.00057919201712198793
0.022526633719765588
0.00058654305324806332
0.017716839682996467
0.0018313072146783605
0.023151871473673709
0.022707789218660675
0.0070101695558324011
0.012151895284070168
0.0041208167406807435
0.0022021224726836114
0.0041062778838357114
0.023300913220349009
0.024621713411697225
0.0072375666431208586
0.014299692175694557
0.0011331550850355076
0.01921866278258446
0.012036617850348968
0.002042964805752182
0.003034474399814524
0.024550102798162748
0.0095287864640345374
0.0052898983418284921
0.01913626604287564
0.011633590757787696
0.0083389221228208372
0.0076323659081862748
0.0088159946467886129
0.0010336192146922576
0.024460888147253154
0.0069559776995424356
0.0065361639106016022
0.0081208852466671203
0.022860184146611177
0.0096254023637111861
0.007792674394449659
0.012476985447409163
0.0020628451017625027
0.021160550630518988
0.012834795609182994
0.0012175335390483852
0.0068191337097470691
0.014735861022135687
0.0060237226414053113
0.0072561791215586405
0.012618019472991871
0.015452116074360058
0.011179976096761853
0.0093614543269344066
0.0041114331948812668
0.0080158429157798847
0.014857497036941272
0.018220438471403241
0.016107688942483517
0.021018676381362171
0.024246342920477955
0.0078444972131956683
0.014034636284241774
0.0090140176541370805
0.020194258919051356
0.0096009332334185214
0.02095029270296082
0.0021922934685695019
0.0068002030916548802
0.013386210277311947
0.01538473815480494
0.0082784244897129294
0.01730130568034996
0.023013214940280181
0.012645286688302212
0.018060591041839665
0.01144331435483705
0.0022532574878247518
0.0087242826150225588
0.018097126811617348
0.018441199278888491
0.0034874874689938312
1.2963241821314288e-05
0.023057341842776018
0.0070345279265628053
0.0047111919716972869
0.01004170554759232
0.010336529682963107
0.0081654198248397314
0.010216460049153154
0.0019326704885406661
0.0042573702989917887
0.0082002378431914741
0.012731491731872538
0.0021054376836791957
0.0017166273586555728
0.014455833838787912
0.012012345868816839
0.0068747923074111957
0.0076884997846062919
0.01311533890075512
0.019306488206403263
0.020278318718689726
0.0036960649700762266
0.012006758305575812
0.0035316286311990572
0.00052531594285615876
0.020749263086051153
0.0039425164129392922
0.0062811685521860479
0.018215367658080378
0.016087474978008654
0.024498710177038391
0.017733830367826022
0.0015790916890773034
0.0080651538032764543
0.023610672374748117
0.0073392797995542932
0.0084099158820606715
0.000322411657510942
0.001380326391938348
0.00059409891479076272
0.015120210562486927
0.0011040734166997666
0.019574833189299725
0.011814614799609905
0.0018960176344738203
0.0074113832329355906
0.0010100211061860472
0.01911985785253751
0.0026222233699482339
0.0033047433038191276
0.0089806450848549536
0.022191363266932305
0.00011201131216898933
0.01330878209809833
0.015710672012980667
0.008703382528566974
0.012366181984916184
0.00054772102416324208
0.013872465176984339
0.016911796683218523
0.010061996024653684
0.0051046324770047452
0.0039841707951900193
0.015548090972560274
0.005865372227115217
0.017776473460725337
0.0064602937996671101
0.019590655336386952
0.023281668103325038
0.01221532470403142
0.0090575586758495329
0.0064186435420945124
0.022439759865474883
0.0025392734325022869
0.01608802729293695
0.0060066088769940781
0.0015512959193878246
0.020755001961780751
0.006216211928872754
0.014526111701122691
0.017691166863583893
0.0028133217245287063
0.022864666561291245
0.019751273107236175
0.01511310428767923
0.0032395874640910971
0.021576873661827797
0.022676971539757323
0.0170460326503288
0.010867526136791468
0.0066522612273794881
0.020933832975046186
0.0023549698673229415
0.019541556870462738
0.023894678849329162
0.011460642533043221
0.0098951276849706428
0.0083758958714386204
0.015866077326339462
0.023539914717660468
0.0075391918302424015
0.0041958871972055277
0.014502814681644818
0.0012848090484822163
0.021943243407829258
0.0014808116007581054
0.01566776952778821
0.017326513150563883
0.020136671157757066
0.0021154032661660971
0.0006319017435768348
0.021002162254924357
0.018514814801803788
0.0094562676542990758
0.0065372876579977666
0.0032405433243992998
0.020694434318628573
0.0046285624393131086
0.0058387021585532481
0.00059084329477515586
0.0052319825538265589
0.020988849178070347
0.010671304495221289
0.0079494691610718041
0.022712357984629439
0.016123897717440879
0.01757141707329465
0.010471807669941151
0.020470132706499063
0.023755417342732166
0.0079187534264507399
0.021286235377631541
0.022881276254255373
0.020337542015275406
0.01797139876782268
0.0031707988332825457
0.012033344539788939
0.0092447488662178723
8.5960705042394946e-06
0.0032202666100718306
0.015573947246015886
0.023394790850910528
0.020594148867855405
0.0098515487172374811
0.024293940726945434
0.0074558173615530627
0.001445507451368832
0.007049339729476533
0.004584077988187195
0.0016095330535620862
0.0085876994685927903
0.0067252956368382124
0.024415075262932396
0.024283800160072422
0.015538056031631867
0.0077665322125610647
0.02014618273872822
0.016448904813266933
0.0099494035686324509
0.015958162453015092
0.00049094321434416902
0.0047472333809900139
0.005844321994113947
0.014537594099679195
0.022237709930230536
0.019712511570196291
0.011445241168807803
0.012935518249054517
0.015586250128080544
0.0062194098207281126
0.015065753762346843
0.022553553568894897
0.0091853405835671947
0.014234715352156715
0.022123148147680096
0.0015773637677930219
0.012121729072530658
0.018726427970347268
0.015078433424551965
0.015420925788179819
0.0116990626025106
0.0088167079899106569
0.017781756108648402
0.0090374468778202672
0.0033364526330222685
0.018239334848153314
0.0046759766523966333
0.022974543159026167
0.019299395664956791
0.013835012184190042
0.018655424138433709
0.01735651073500822
0.02172123278795066
0.023664443821241402
0.014983747792597224
0.00889172858967654
0.022600785739472301
0.019541425380750741
0.015927518076928507
0.017867161129139678
0.0095379330827838928
0.01954084535513638
0.02452560462784683
0.00558505573472254
0.016462581615493205
0.0068824485592290582
0.0086741366166991057
0.018691191714306939
0.015707330234019379
0.019116032461064709
0.0066081484875744733
0.015693486526265583
0.014420660848894817
0.013714222304226498
0.024344248125686307
0.0067964686121151901
0.0075424476279942901
0.0014466679984122984
0.021905899780949735
0.023498450089912908
0.00096641531341813908
0.023116081261647756
0.0047284757367593994
0.0012628409245907183
0.0074816264360520373
0.017073066178819391
0.011737977486763428
0.01475646115905677
0.0019337109931942377
0.012740576895689016
0.021135332289843285
0.022223588906115442
0.0057152178967155541
0.00053356319430598919
0.0030638680253078747
0.0013814426819735636
0.0079807404082706673
0.018973427104699375
0.013591106839483289
0.0062992196220313856
0.018913218995066743
0.0078233104947597262
0.0086528903823271212
0.0047083402188640086
0.022610570308957904
0.014891671757958285
0.011488337743420606
0.023133817874174345
0.0091340689062142152
0.013704088333241852
0.011573106339794907
0.010434507973857721
0.001600936848258943
0.013532707977626629
0.0082369471181921328
0.012523606645306443
0.008145684372563005
0.0078137145556516352
0.016576475040685518
8.6636822861571645e-06
0.002328320236621577
0.016859252460298468
0.022088464155274455
0.01691041761613335
0.0093491208715157318
0.0058306064316093736
0.00074761345864771264
0.0072221543740840013
0.0013560376440917067
0.00054424428122115762
0.007218926580562641
0.0021028897994531154
0.020509584417747764
0.001224434107054843
0.0042150385758113959
0.020641792524962725
0.013728071185631715
0.0042659095419780692
0.0030146081530959198
0.0152070243767062
0.017324772118489512
0.024304707362575461
0.008615494364255542
0.011568098022485726
0.01931699849649372
0.018506199576130325
0.0044308988800696465
0.0068675989292469467
0.011827807415558712
0.0090143212917655428
0.018013320741474641
0.011583882927608166
0.0031772474078088698
0.012273379885775169
0.016153454872114968
0.016695287376921043
0.0046233566815986511
0.023670469230924397
0.018928283070651697
0.020938455379721495
0.019537849138257131
0.0011177671602247946
0.015076647698602385
0.012768486170475336
0.010343626768765813
0.0062153592875778402
0.010152329999616183
0.022703784919359867
0.0024808673524674874
0.020882860166990196
0.014344805404836101
0.0066129989128664935
0.0084334233433496584
0.0032758753882495754
0.023312479544273054
0.0026923458780388106
0.0050461997631506316
0.022162346206297447
0.0035264115497443743
0.0081372279405545183
0.018713484106463427
0.020867797351302415
0.00533765860602416
0.010115107063708832
0.011929860164296303
0.0025360835570276056
0.0081650862469636008
0.0031319456528535973
0.0079843958687278501
0.016346499065291842
0.010244285898846609
0.024431056932414381
0.0050981991884483024
0.0040032773475369857
0.011300313722436436
0.021656390036695571
0.0079963970126824182
0.015449406509948534
0.018197144452853167
0.011719278471785504
0.0076122129412151728
0.0062922223340075405
0.0025848329634620142
0.0087638510629721306
0.013273158937474251
0.006641018324168275
0.010577683026829522
0.0031885389411336201
0.020770741882005714
0.0098088681452723619
0.023670100122263924
0.014445984558056357
0.011136110667561348
0.022277897174084606
0.022273146097830505
0.0085999634955863623
0.0023121016625530302
0.0099289733629259122
0.0215301216639683
0.022019461029861343
0.020317554416002508
0.0067922103456234074
0.0041448191739601615
0.013929601779981463
0.00037155519399568635
0.0026220569107832507
0.023254108677154359
0.010142974179808112
0.021485063498410891
0.013878060385179847
0.0074205500088934404
0.022893543650066728
0.011974180287546167
0.0040753002545287726
0.00091662034124662909
0.022013820994785653
0.01842349967152019
0.010728191912008011
0.022268101375099238
0.018640742376105163
0.011449659209780697
0.014920987584271701
0.011694658255038312
0.0011516238272027001
0.023027140384355237
0.016160229747100529
0.013875162027075118
0.0083000597919640241
0.021289349717874544
0.023064709827107458
0.013635027738284592
0.022013207353623429
0.018330827006920198
0.019135166196880774
0.017607851299388744
0.022500922392162604
0.02213037794967343
0.0034460238758204885
0.012122132144746655
0.010357500546546529
0.019527307031074161
0.0064193690026663648
0.012210233972010195
0.0074895553109922833
0.0085070638064125518
0.024544214173631042
0.024220986373612551
0.01753632488066598
0.015028999697603565
0.019545591792566198
0.013108060919341313
0.015022342804167189
0.021514507263280219
0.019773834413798898
0.022572380963039252
0.0072869237220412201
0.0055159628360390827
0.00096368612010303174
0.0095366204780579656
0.010808371470927875
0.0059079795247097546
0.022867389814112665
0.016594334791491496
0.015246574606496326
0.0095335944323304538
0.0029252414392398444
0.021613515142558087
0.02111919737473672
0.023318321856862952
0.01669752450193988
0.00071824186089810215
0.0030491977696120395
0.0051447444054908524
0.015618266110107267
0.02194552698263141
0.0029513698642763308
0.016012133373557755
0.00098048985735803718
0.023079470407484998
0.0020611912580766815
0.021626252734294252
0.013850132309294385
0.022820408386972961
0.0081520813462321092
0.011040217237576042
0.0028327076779178675
0.018595757920721316
0.01241017009128656
0.013678592144611123
0.0013337455705334793
0.0036629151266036808
0.015508561610702068
0.021054428565102552
0.015792554551770512
0.013572541880144662
0.0024522104685137645
0.017146284287511623
0.015246168335402445
0.023772217513466441
0.022379069711002873
0.012959830026180036
0.019950864187336281
0.0053551687246629481
0.006720503419662076
0.012978505491130804
0.0083645830472192026
0.014103188452102866
0.0078775152583670273
0.006158403297761887
0.021772158738983371
0.015504529530683153
0.0052949063415610662
0.010116064265170628
0.001798603942943364
0.023464093970010022
0.016032029280355978
0.016406995762977161
0.024434960020726627
0.014230191868286571
0.023486455383928247
0.011183724113568043
0.011363237024271671
0.0091941383704499408
0.018045688733511304
0.016419493358887715
0.0050410726852427668
0.018172782008085642
0.0058524529938853041
0.023789154221375165
5.287730208898395e-05
0.0070267136681110122
0.010195123050326927
0.0001600861471432163
0.0050591578474508412
0.024108127559805233
0.024203615322066517
0.013681665191481991
0.015520400236273555
0.020146791852415281
0.02206694009837485
0.020954954608226248
0.001259367261904448
0.021208018441911638
0.02261922085929249
0.0028309828597837513
0.018209167974564695
0.0099951830874451322
0.0063608763527278137
0.0078472998160328891
0.017022220488885787
0.018708984848450849
0.010122220149073833
0.017469327516886946
0.011631796638913073
0.0083033733712303045
0.0040434961237862709
0.019369539790162822
0.0023440298170054399
0.021409029193406783
0.017258950174836467
0.018673546160103253
0.00022978595933280472
0.024042194756201025
0.023390456069562884
0.0054632340549639674
0.0086213054734012376
0.010293859778344731
0.017785647916685143
0.02387837685192187
0.0027476303284441508
0.0032622355587428012
0.018857410334876
0.009692896748008684
0.007688949472029017
0.011144824795658296
0.0096206673023380707
0.0050954490534576586
0.022758823245283673
0.016615107871246926
0.010319920467488053
0.0031610410944705415
0.0043033387952064982
0.0065230557988661545
0.0046318408515035282
0.010874330495023843
0.014927271413815004
0.020455108206379299
0.019664839116919412
0.0022891006816156334
0.0078780036810942294
0.017085976956283274
0.0069071961617838502
0.0061421542820250833
0.024583148309964723
0.024819734335187419
0.016877488644929727
0.00050493705515751311
0.0128608360813514
0.020788650237983597
0.0024377669742580927
0.024238181554949004
0.024473140331442093
0.015117053414477721
0.024109788121593999
0.00065677758378979785
0.0073385875479666258
0.024619398530380247
0.023723251161171115
0.010070831773176915
0.021846988188311871
0.012143805348440612
0.012163305507906338
0.016562571759941389
0.00090458766640216727
0.024770041390919848
0.0068868668134147168
0.016069781058022738
0.0093221655374049403
0.022357956939418062
0.012671292353160373
0.0065934715453007759
0.024203255323463312
0.010050817366323392
0.0083538770669300544
0.00047402796237501222
0.0039603826224923113
0.00431606170764854
0.0049723378471552438
0.0014678142652060848
0.0034623026880694265
0.0033186468103938958
0.0014487274391316565
0.0076406740094811243
0.017074399808310766
0.0018997621625880421
0.0056221729200432724
0.0062629128103774924
0.010249144665842723
0.023276461709659239
0.02402433839991203
0.0082440729589340449
0.0057506767679348317
0.00078414000585294878
0.0045985490988425812
0.010624592629937233
0.016093934858172326
0.009257558917814877
0.011155812329846448
0.014820581121455364
0.023724771358480525
0.01458182946908999
0.023981970504588921
0.0072373462845054023
0.0082566459268916901
0.0053402186159322651
0.0086031810769257207
0.0033556138456662895
0.020969926273571231
0.0041694468326237098
0.0039122421301067915
0.0014385036018575597
0.022894474142313895
0.013060968647867715
0.017702247334142315
0.008332432911815707
0.018957303384449651
0.01576648114078295
0.014548074590463556
0.018600944858052169
0.0028637533400307975
0.024311804885154355
0.0069206489037776679
0.019349555540674013
0.0033384629923449631
0.003208276468147479
0.022529510239417388
0.014701909703363348
0.019662746356836337
0.023591122383642502
0.011824600737519949
0.0065759783579904122
0.014351782811689228
0.019871150199929227
0.023487128365816689
0.014454096935536866
0.013946152742329099
0.016061653180916485
0.019958757366097129
0.0022459296913088858
0.022117029973630509
0.0062670074650082435
0.011743028851535898
0.013415348352615897
0.0070343331097397236
0.018439192240932694
0.022876747721467944
0.023367333556451257
0.0036664833925540599
0.020239272647696462
0.015881361268996693
0.019916812880501598
0.0070250543748502691
0.0025830006860047315
0.0056624568133251995
0.0043033710153804923
0.023705718898736995
0.0077392959523229646
0.0053371753114546359
0.022610887023451241
0.017329662767941668
0.016830200072491319
0.020535549185837738
0.015025865249258072
0.021065572052765002
0.016237910011185328
0.023049540305999972
0.011757978504296995
0.013070790544130167
0.020841824804193897
0.017253153768755889
0.0073242845285333893
0.017026004040037797
0.012148048189355064
0.019204795534365628
0.0056149684534597868
0.016429579504975617
0.0045755519210135907
0.013510502815358552
0.0041000162234373092
0.003301751310233597
0.010986565695193963
0.013253315836573364
0.0089807570662403385
0.010516052425754834
0.015482939258003023
0.013658934175000623
0.018023461136342796
0.0019470222662917561
0.019403377555436922
0.015884910227265608
0.0017652254282448023
0.011408412935751547
0.015790917532787732
0.011544564919091942
0.02197128698300984
2.7714548508090062e-05
0.018159014194785449
0.0039027463264062305
0.020652014000395551
0.0037387101454044087
0.022675974304561315
0.00051447540449086422
0.018532853453195511
0.0018506701684796497
0.015977165841410741
0.0047096113102962599
0.014608175697123542
0.016423744107079277
0.019952800131023112
0.007512889887889263
0.016900361499573097
0.020447447751421058
0.0089051159098198895
0.019551028276931032
0.021837882697874511
0.0051064218086371519
0.009140796090560864
0.0091449461226298951
0.016102406079249381
0.0084634597184655384
0.013192789653947087
0.016710486535950541
0.017443027157013583
0.0013286199382707483
0.013542230605235432
0.017708051325364731
0.022952791040169625
0.0021300842785424274
0.023705493137467934
0.02444744162947033
0.024782082672974898
0.021309028225400595
0.01651942382803414
0.024375829211176345
0.012036313177949049
0.011927621779704108
0.024158716044850554
0.00095608609435284453
0.0030353706487805591
0.016177195208365722
0.00013666282595143798
0.021893407314491749
0.0094703895213706715
0.016297799199254708
0.0075490889335255683
0.016304222128605689
0.002681968102521394
0.020812391647811589
0.022339046823934297
0.021924181266217115
0.01529556864346813
0.023144516106501326
0.00076876202525746526
9.1221265591563092e-05
0.019807291398185815
0.019917613880589765
0.024816979547550397
0.0064132262970429191
0.0021443941217945978
0.0072878385669525834
0.013950983104094644
0.0082275823389134205
0.003074306354957789
0.015668462470089899
0.013113073140854989
0.0021878476804633039
0.0055094537437932944
0.0057046718986450019
0.00085957996741559974
0.014962452295511821
0.023397611353443579
0.024394932183052918
6.2561351620810064e-05
0.021933824393206236
0.019722820806168714
0.0070615552353670962
0.0071860785942786613
0.012264055818330569
0.0104658113776678
0.020056020987289321
0.014814369593829329
0.0059044850237035401
0.012641515963845109
0.0038555075893504107
0.018418525268881367
0.015951392813651707
0.018133471696224965
0.012455005081284592
0.0080886800642490549
0.0021748499768016604
0.0024624541790892055
0.012432346877410341
0.014402250088804535
0.017851680036259553
0.0022736885169940026
0.0076841017134216321
0.020817474647753045
0.0090399801525671442
0.0037787612518177796
0.013144284494305707
0.018398110002331672
0.0078435502733982115
0.021352024374157171
0.003407859719734042
0.001526480918755481
0.0083870074687175562
0.0060005615736160797
0.013575407852943909
0.001991795890797776
0.004288290304208831
0.0066081295298272011
0.015189455915181446
0.012530953475595562
0.0053322195531524614
0.007296149909086942
0.014974202471541773
0.019727458657019376
0.006275578820082753
0.015519968813001959
0.017403478866624904
0.015525442944271772
0.008316281423016731
0.0074380094914371659
0.0069401289051189531
0.01968628259021574
0.013075729743105738
0.017948782658729567
0.014376477638931833
0.017295367645563414
0.0065509491434609397
0.0071115583456208753
0.019266947650415138
0.0095104093865480913
0.0027259059059125826
0.020888640254470001
0.0018236855498151786
0.00050946943985079904
0.022883795098157293
0.022865034009482414
0.02058404816548946
0.02061151648924715
0.018258133907976957
0.0097461178452762903
0.024755800086710598
0.010393569902604413
0.0066963933864014986
0.0012037883933244794
0.01131494445596452
0.021275229020621466
0.018961296763049314
0.0034210265291703783
0.0073815944103242442
0.0010991480289322879
0.015373027516055609
0.0077603525962666904
0.013235230063549151
0.0026705422901539717
0.0050225975275207347
0.017404872352813752
0.01252818001950165
0.0091409305223480071
0.021890588168451533
0.020482758849024087
0.012799592743400885
0.012386305531572092
0.019705906684242321
0.022296733319436754
0.015939853282953362
0.015976123215957167
0.00059018733874229685
0.011654225493748234
0.0070253609348904216
0.00035479872158743556
0.011124489256062487
0.0020192989354769022
0.01703063291809144
0.015108686487225669
0.0018576214399624259
0.0024518654767288653
0.017241615018373884
0.0083386058036288568
0.0073766276022038495
0.015025087060589529
0.024405046285024403
0.0012930405815645082
0.017079943685227441
0.015320997848975549
0.021367378916108303
0.00030220559896583526
0.011370150574406037
0.01038171501550412
0.0046056794646436687
0.00039625380977359405
0.0028235281743778829
0.0094229588460570668
0.01657596511921829
0.0026578653038022365
0.0012597535816489583
0.022813227333693932
0.0041186462602847583
0.02266719582131875
0.019648520479107548
0.0034157594850994562
0.019112096619138833
0.018025539186207213
0.0086478892091384624
0.0058420569209469888
0.014588917114548242
0.0033133532314914347
0.002969490960097315
0.015610900002753416
0.0067728713721156384
0.022020165036193001
0.015965789336929638
0.0051651143340089474
0.0076940423414337336
0.02358932629670454
0.0099101593946259604
0.013581888126516679
0.024849587955968245
0.011904665961903208
0.00097532157083700692
0.0012843126750899422
0.015257969243480067
0.0017792435757318615
0.0023574988871016365
0.009283063824148308
0.022982339704552296
0.015807211601320485
0.018654661191724452
0.010997300089918657
0.02136233928714
0.013979276680329923
0.016023418113228438
0.00011149252118588627
0.0041348895631350422
0.018873542389555468
0.017021798759091347
0.0089374987906351254
0.012735220275289278
0.021586769690954268
0.021713909141938104
0.017611012731489947
0.011032015870582201
0.011722765883490803
0.022964865710657128
0.020241096086764453
0.00087197046740815169
0.0085389475580000939
0.0051943059746965272
0.012497239822955203
0.013373690574534075
0.0054039869551774306
0.0087198162078477044
0.00081553543180352039
0.0021285777538839067
0.0030733466696078108
0.010951744804238703
0.0084437198502310684
1.8309506028532042e-05
0.022496108419700383
0.0041462018935508839
0.018083795326855442
0.0099257909834088599
0.0093850319916587172
0.013836840599342898
0.0047810834956624505
0.011644251278885487
0.016441677572127028
0.017635029620228813
0.020446788311670065
0.0011744318681798707
0.01954079631454142
0.011731019875120069
0.0020485407699489984
0.013759522071739711
0.016667816243150856
0.0044724152636028405
0.014841083900510706
0.021619840853664848
0.0017938898711450872
0.003740832446401058
0.021356159105826795
0.0011586080713003937
0.014207741426543637
0.016823837041826405
0.0059516858224767707
0.015781910341453369
0.0064796196356599715
0.0079167456424705743
0.017940569408079986
0.0011267819404989882
0.0036428815666001901
0.024286960955492654
0.022715723645561375
0.023408345092004807
0.019777271686321558
0.022817093651175933
0.01584698882578137
0.0082361414246196942
0.0246052976131063
0.018404945213857223
0.020651845513265689
0.020889391714475045
0.0037268801606522642
0.014275412643770757
0.0019795855059947798
0.017479291753422641
0.0036084381541845296
0.013492870093900586
0.024614516297358703
0.0010798480072693657
0.014490008177785745
0.020937250619503817
0.0064951809975761637
0.0043617386254233056
0.020742212274197269
0.0052944562079228355
0.012944554541892122
0.019644916463785248
0.015118666148561704
0.017921374311221348
0.016933383187326557
0.0037283473500124517
0.0085890102343914258
0.0044652935979384335
0.011024681711672289
0.0080906904514668598
0.006600685191475446
0.010338789703591908
0.017055703044401585
0.0002798451919698528
0.011323106909897259
0.001935713478489123
0.0070499370340541918
0.011007735103817843
0.010931694466748321
0.013188684839453213
0.0056169921835249213
0.0030735929396340966
0.0057917735318263027
0.0032581811094441072
0.020471665953718271
0.018527991048516542
0.014927995391716587
0.019917991510053277
0.0076392740110114753
0.0052722482468628195
0.010687291329404529
0.011283873767995528
0.011625292085499042
0.019541031920562182
0.0056599710049866749
0.0047468833734460704
0.0078806562111039102
0.018236671316620743
0.020893667729156327
0.00067948033749011083
0.0046557042524783508
0.0063997771767713698
0.011543469794545503
0.024671377833872785
0.00046322022829663141
0.017606130059353797
0.0070968541252861041
0.006137541801790795
0.0089343438169546662
0.012085185261235998
0.013258731281103263
0.020481458078904974
0.002229784139327597
0.019708077591850739
0.0058536323902669421
0.0036761048862677882
0.012279372830845762
0.014112606126985856
0.0075833911355323537
0.0067497621165954289
0.018227118524646448
0.011442543702857284
0.02134824452959181
0.00011843299124975121
0.0086620551254383785
0.00077911015933816838
0.010065567201748768
0.0011622051411222772
0.023446846976943689
0.0023446345984280315
0.0096061670689974159
0.0054894696286367679
0.00080272781971131579
0.0041480483863109594
0.016899012907543753
0.012973962450142514
0.0080808530574245016
3.1456998213475283e-05
0.016178080542869122
0.023854224396350779
0.016456481790702818
0.0027543671781636433
0.021097600693534408
0.013355660485258372
0.0040961442723149244
0.014351678330830561
0.01924561493666585
0.010631027005826691
0.010092437864998759
0.011701132804536109
0.020426085465468185
0.017815126798543194
0.013328777287374534
0.0046170116771935242
0.012269129340344477
0.020840614620830374
0.0058522720391813001
0.024633501763545205
0.0027925151073930217
0.013982248984041785
0.0018984512897844282
0.013201028454657236
0.012983031217679433
0.02024133301567764
0.0018589147422981729
0.018632750461032528
0.0015983863419128214
0.014038787224448545
0.0084492877255430143
0.013820173185205811
0.023585373973731061
0.0068165494270986879
0.020522449583212952
0.021001157363378434
0.0044378210637663921
0.0078883579608749442
0.021210510768986425
0.010277929249528955
0.011030821289919748
0.013441710407821635
0.0036423715951753107
0.010892292959563182
0.021118418289887201
0.015393062085679234
0.016682201627697138
0.0062023913399065341
0.015353821262418733
0.00839645198852422
0.019156850610852729
0.011231795530744279
0.0084296154879200808
0.018338650736028847
0.0084588854044605599
0.016827921226319049
0.015114021057463529
0.021806135501484952
0.0026050023476733414
0.013445131172843102
0.0077448410767454526
0.0075229773701459253
0.022976547172276894
0.0048012731148103158
0.019473643626208369
0.022791917083696826
0.018453285754807855
0.014872621303815782
0.017405931056879955
0.0023009644435579664
0.012476252937542159
0.0064313968752507588
0.0076835044739913955
0.014383216533018574
0.018579674932049199
0.01352675541956712
0.0079969297954737371
0.015655267610135144
0.022024007073380359
5.5498728969339525e-05
0.022840837928779657
0.021286304251053958
0.0063078170520837308
0.016954323580374294
0.018299685616573462
0.0047942304601516954
0.010862202752704475
0.0084911979661863365
0.0068632711556697173
0.0010762786870115134
0.022433924466955343
0.0070035800693763525
0.013140701824629886
0.0022838603240419465
0.0053797778251561713
0.012634291383855311
0.0033441687100564869
0.013502959394135091
0.023299133250420694
0.024084628754920283
0.017647963073129772
0.0040255097450776081
0.021889702534348337
0.00068808716076302939
0.0087344823424227395
0.0093335214612938269
0.005611904080637554
0.0082721336388443326
0.00077229569300458752
0.0031220286978718391
0.0099155544074375091
0.014191358024527839
0.019693202923879289
0.017543785132066246
0.022721508712290769
0.011063823724537871
0.023868616217513784
0.010199777870391146
0.0071767216638396747
0.01663969289960587
0.001296842675377414
0.0064199967902808242
0.023959712913342354
0.016613236951112768
0.023974864647749582
0.017110433641662405
0.0038900109046148107
0.020378021109587668
0.021177949033955645
0.014870089692090426
0.010876220009522073
0.023893923982670255
0.006053801376471382
0.00098175765446100642
0.020216432754357135
0.0077933711982144461
0.0043128564154607755
0.011484465563432401
0.02107941833681656
0.023557090336455797
0.0014765102513148174
0.020113812976831288
0.019624871588575992
0.022163849987153879
0.015022623360919682
0.011349020927965978
0.021942498331421763
0.0023594883367989592
0.019722741215433808
0.018057521729879344
0.001122350306411941
0.02401003993532496
0.005493450528041597
0.014948648884669541
0.018753853702331021
0.01862000829054063
0.0074554361753205222
0.010193371035336605
0.0055585512473181071
0.018440386929919769
0.014030975611983926
0.0017819536589247145
0.021625509789828457
0.017960555004813226
0.0066208790945762744
0.022196240881144698
0.0057206532017006345
0.0065552775358192882
0.0096540953472600555
0.021386070790933142
0.016047912996884309
0.015451551956931717
0.00048508896095946212
0.01205603555018539
0.0081299878616131124
0.021523621452851468
0.0057455005981084844
0.0030357884472385077
0.017579358676655464
0.016593303687164461
0.010217826219751746
0.0063341572484440431
0.011003499850153784
0.015949525971684649
0.020775699318200648
0.017862097232818255
0.020700800438900362
0.024850497135877638
0.021305578442145041
0.010912414920245502
0.018185146519696146
0.023867224169463457
0.018996791425330017
0.0044539628231450804
0.0017731907939980401
0.00091054187450490443
0.0046233602009371055
0.0029047892852344642
0.00094128243708488314
0.00072807490060307031
0.0098908530810489
0.004702307115504711
0.01305934263488887
0.0053681291042706027
0.0050969490523980329
0.00065477936240748269
0.019375699969226817
0.0019218028176710947
0.0072120730115580968
0.0012454159823775451
0.021543394715086223
0.0088487365512491811
0.0053643210794601711
0.0090130361816215653
0.019881085535188459
0.0099649935780268643
0.012035227131121698
0.024552911792923186
0.0054843852944625659
0.0077403405062521739
0.0077233451536110045
0.012328954172705945
0.0085586864043265282
0.023338438686940115
0.018653613914173209
0.02000044197696137
0.0090723604129667856
0.0064557981471534609
0.011055217847381811
0.0065348752124149683
0.012288350958637402
0.01951415665855941
0.0052977126066202137
0.017687116479579899
0.00019538369074195827
0.018556175592760519
0.00090718444988670331
0.016449576175940183
0.020875355017529473
0.0014666137115299264
0.023429708622665232
0.012123556802130779
0.0092239058808161953
0.010928659610088844
0.011285405438708214
0.00028071554055158126
0.015962807774242416
0.012610255284911425
0.0033115777511993094
0.015261309074992778
0.013040270400325519
0.023811590487334718
0.0039150308924535545
0.0073648895554019088
0.0084528240223848139
0.0095085291907070144
0.016928225087005359
0.000734839561256284
0.020464770291384982
0.0011992763479577078
0.010120964575132885
0.019817488018829103
0.011307673076018959
0.018846351057336379
0.011752105093171568
0.00097539107220283013
0.020911223445856934
0.013381925745656763
0.02193621289210116
0.015456581996236288
0.019814328609088602
0.0083682315241804962
0.01431856565899744
0.020838062208875179
0.0021692877957190061
0.01654986970644011
0.0057422216104744796
0.0064971253770944063
0.01860631220702582
0.0044320678497230034
0.0099403237887987789
0.021344080388845218
0.019399689221105208
0.0063890444556253655
0.0084077034437741675
0.024207429839224751
0.018871292454113429
0.011711740910306249
0.021439490341761798
0.006110601305212621
0.010925049087568061
6.9893147732143701e-05
0.022391371371799407
0.010919194541186311
0.016219200861738978
0.012552242537434014
0.018735554150713866
0.0033229383427819501
0.013336216743930374
0.0072874021445498097
0.024646832164335202
0.015094220773764901
0.024874717922498193
0.02197392753106037
0.023705678785070284
0.020658973269661068
0.0203890287216008
0.0034555368385779492
0.01080039226817665
0.0059064114000691231
0.021989804134234511
0.023368196958104447
0.0044167041082403824
0.014782025940591715
0.012994832668881224
0.01520840590220804
0.020386941186150028
0.010874615539441463
0.0058982703236814234
0.0085940813300340192
0.004994488270748141
0.0097107331908901015
0.0086420016436027682
0.014795784945362971
0.011370332838830786
0.0049766004796374073
0.0095924825835499855
0.014191632293101419
0.0099585969315855258
0.016878569553268549
0.019979254915964566
0.014728570673117751
0.013904371851847548
0.012886276923528908
0.0025423876353328312
0.0097850795852163028
0.024292053901512612
0.0026386059058775956
0.0007816422281098597
0.011413133443223967
0.0040317821843770868
0.011657883297269103
0.0020985560253938291
0.020474976585756768
0.0097883886894887719
0.019100179608095628
0.019202541066968105
0.017661268262855048
0.0060825791487370065
0.013642249438946328
0.00058770679185601654
0.0080503585980901994
0.0020770792083495346
0.0022224061643873845
0.023945128216728191
0.024281998893611698
0.017313626725098476
0.003239800322445982
0.0024113604414585797
0.0022197927393954237
0.024053451422302616
0.0034070540326475813
0.023834542157578284
0.02120697537355843
0.012944706066960552
0.012467473516568682
0.012412909675039011
0.016516948021634253
0.016756664027814373
0.010797550451940892
0.0093022252305903393
0.01548188150015541
0.0075046714705655502
0.023434109106254788
0.0052255732763566596
0.00036878044353979271
0.0083280850807759942
0.015179679809184389
0.01255878033511669
0.0043972178024952952
0.0071701132486249224
0.00025897553914832922
0.0078845669480985727
0.017960071039339366
0.02388758033201701
0.01279155558837892
0.00090104539300370841
0.010002127110896989
0.019710124540637121
0.022630281537703339
0.018537193835886936
0.013743537515836544
0.019754290376977068
0.023749453716147652
0.022828480778305987
0.022225103242285459
0.024053162489291409
0.0027944769555044943
0.015099076676902554
0.018261749242945925
0.0071983914228257086
0.024822148732096507
0.0060727745438638623
0.022201895435210447
0.02450016571330247
0.007365558070170585
0.021047669775177198
0.0061594885530559312
0.024337194829748613
0.0067094126088184918
0.0031533815423012718
0.0053487294197009433
0.015664659909627326
0.022544012779332673
0.021323051811117242
0.013100451939119059
0.0026897009369349924
0.015615398652498334
0.0092635931649756881
0.00661622460694479
0.012854770912571374
0.01967072439386932
0.018029711871700414
0.004381698784502625
0.013096631795860561
0.024428949965164339
0.0064364055456244225
0.006150877852846153
0.011267183716665016
0.0041667324719014964
0.01251739374286602
0.011557798709038249
0.013556134730917945
0.0079687177786265124
0.017646236097723294
0.0060779788112086041
0.023639041164551608
0.0088220504781553171
0.020305165357253654
0.012858387749560163
0.001436088848211724
0.0032946663153810493
0.023316295153646402
0.020892068862069488
0.019653189711597751
0.023069653544110415
0.0058217166895049612
0.013889939385472691
0.014226178226905887
0.014061635619186781
0.022427489372240962
0.022230319090870223
0.01036911745216507
0.012888470139252716
0.020906074445262678
0.0070326091051186226
0.012728288474415246
0.019702822289185833
0.011608534102206873
0.023659190064256822
0.01392414985732158
0.015807609506544883
0.015118811430906423
0.013713434720689918
0.018098923538356841
0.0060659460102729787
0.014314714966344235
0.0031402730764386209
0.015983967977865741
0.023772961919552249
0.0022319680630734601
0.0052771537863976186
0.00081473219031056243
0.022753105385022142
0.011689595908205268
0.0073485013583227555
0.0029359593307950052
0.019631371717185635
0.021416536732372052
0.010448638955828763
0.018734995030588442
0.017763227497748852
0.011774058023666717
0.00019948507006061107
0.0022168357458483066
0.018630985233484249
0.0078250441967951043
0.013239329294630554
0.0033678237875023149
0.0032303267771048214
0.0071815715666755124
0.020318019370554639
0.024796997881618852
0.017288245705029986
0.0066377665635130425
0.012742920991170775
0.017192159622806076
0.021627046290349419
0.0021254783875064654
0.0038635806499627448
0.0046278458540718673
0.007659885245202544
0.0013695382856640666
0.018900311829431717
0.014457615541742104
0.0097740859399070932
0.0049328676493242806
7.8496482955630906e-05
0.00055274877387410395
0.0041985883041001249
0.017094057503616179
0.02401353275752607
0.019584679842644784
0.0023042268855370863
0.014515659761089466
0.013805171316719697
0.0035782852551279601
0.02162567813639657
0.012543397214230742
0.0076426620711827729
0.0067120374639652548
0.009814112408119394
0.0025711666014940917
0.013604730211277564
0.016552057219546071
0.020803851985818786
0.0074331319789646653
0.016503967716765048
0.0085985828979585621
0.016900112091765777
0.0043020819885744794
0.018709776376201807
0.0093397444254784707
0.0093773705751151511
0.013261018290902907
0.010606329790610113
0.00099411841465662609
0.0041591326428542623
0.0010355358995092245
0.023439736949127096
0.022772864922029748
0.0048950623243534663
0.018095124202852201
0.015247669978440679
0.013015665587636205
0.0042246169533358109
0.0012915584543801715
0.022395612181631282
0.012903201509370811
0.019336448296381484
0.023356084573895729
0.016689259337212475
0.021367309983234058
0.022975581990209923
0.016736923120416601
0.0044163089684663938
0.0010797561895616492
0.017062080771201291
0.0055041411734053271
0.008197918846830448
0.005242152863980983
0.010724567231221373
0.016964016220551766
0.012338039309394739
0.0084923675787020852
0.0074969501058268079
0.019319122760084805
0.0014028431824870422
0.016296020569243598
0.0019769925445650054
0.013268743005201176
0.017149573973431576
0.022569347751093316
0.0017414582134652593
0.022500831160802884
0.015065680615649918
0.02043900591217206
0.0051295109434573594
6.3494957632535037e-05
0.017313227945349279
0.004024175313685264
0.022260686963741963
0.019192436308934652
0.013286943170508662
0.01282201667193493
0.013864190724541531
0.021344689785188744
0.0052297353144253791
0.011499183693264232
0.0037489401290961965
0.020776600837172105
0.024158424827857267
0.007024304467754908
0.015818069727570268
0.024606334537273039
0.022272842606955574
0.011064480021128583
0.023414122895575557
0.016023191972525882
0.0016113205236929252
0.0036498542788985758
0.012890855077913864
0.006785676539168629
0.012549615589787204
0.0024845062205439369
0.0031283907656598918
0.002682946520435566
0.014387228653649437
0.0051549227727270804
0.0026088037262421804
0.009191980843359834
0.0059765889562981385
0.010011784187161778
0.018788500361165462
0.005368864047933782
0.015485596511938753
0.0042548324873060324
0.010073383979563984
0.013810834396296696
0.023733157876027772
0.0059859627795915771
0.023068442149899383
0.0065710495283062735
0.0090816483830347631
0.0026268161238664307
0.018624766405642902
0.0033761318754942158
0.012382295907198462
0.0040187819003550335
0.019857658056401908
0.011762957569271882
0.0094081881753294624
0.0056075890588701393
0.010910097849233198
0.0085765543621273092
0.010680094949052314
0.01384562924572345
0.0058258241842039865
0.016638032640801395
0.00070619054097955552
0.00068571577262370323
0.0011834129580625297
0.0070388448309354965
0.024287549080920675
0.003856243504528675
0.017556047671696381
0.00073142195986524241
0.003348310060573663
0.018360766539813753
0.0077700885049320984
0.0031898644096505125
0.019507249381539197
0.0088266272321933532
0.022243933893382434
0.00050060739193792648
0.024707020334323048
0.0083667883300669946
0.022655202282275716
0.012640912291580301
0.020439248688242564
0.014778003151321441
0.0023959947211337975
0.016721638047698936
0.020955704813676767
0.012763383991325164
0.0058221680351344248
0.00092826134694928321
0.01686723224968081
0.0059425917102407947
0.017453251673984344
0.021918420078716444
0.0049344771486404407
0.00080295041636722258
0.012906938292072399
0.01107973283062156
0.024433575390291555
0.018846277336644086
0.024544416820236437
0.022927439080170076
0.0026299059868510177
0.0035953863452366551
0.024569289302261533
0.024859306606731222
0.010280956694270796
0.011696154836416469
0.0016636681429941834
0.0094842334554282731
0.008400048455845072
0.0098963143780399117
0.0083311936997941677
0.0025169952644473925
0.006442262353833759
0.0036933840241634218
0.0020290102043852409
0.0027301355016389459
0.0044341689595093136
0.024850808559117574
0.023702824628438451
0.019823343757930694
0.019267366575091989
0.0082418982565703892
0.0076729139679684718
0.018064134932583995
0.0082203456786109665
0.00030151561055765459
0.014116943555761661
0.01319353624255837
0.022346105131930288
0.020334861889846241
0.0071591645976312622
0.018960111870040191
0.0068629842349646076
0.0064114117877574752
0.0031374634405086652
0.011230560611135717
0.011228222332160403
0.01013289920422613
0.021048177737986336
0.013691673861019445
0.009205107741162984
0.011171361028961928
0.006197435997464867
0.016326370349023973
0.012273356369019236
0.023304164065808593
0.00046873864330901333
0.0023953268365007876
0.018855257605223011
0.00801939739081718
0.0001549655222739315
0.0084965558395773133
0.015512561765122652
0.023504680786307068
0.0025308805185582151
0.022736061813050216
0.00033986115319092105
0.02036136440852656
0.01466818872291897
0.020546614575325427
0.014484035159659521
0.0093862959714945196
0.0014928884682752926
0.0023129037700003658
0.0062411565309676295
0.015316950401652372
0.017822159985875774
0.014591982819688305
0.014565989184701381
0.010780558432374788
0.0021881351435492063
0.0031173675566844162
0.015341968717953944
0.021502251025620828
0.024393325229031579
0.024437538181817219
0.016104390824872049
0.019294308046621484
0.021575520347069572
0.01244613131001988
0.0065733486614562341
0.013423165309308246
0.015037721106170219
0.020111875912548115
0.0011105996979681224
0.012042382378757882
0.018670466189098123
0.020138096711262082
0.022591061869492918
0.0058037916849536329
0.023640841692642731
0.00087064168212334567
0.0094351425522562187
0.0050767521098189676
0.024338664479563538
0.018206829863898218
0.013476459599930929
0.021996965113662174
0.0035347924827324644
0.02354268611310625
0.0063872513500564439
0.017182157237903985
0.0060646525561288134
0.0015385151006914823
0.0082943229344991012
0.023465528185902498
0.023252590225974111
0.021358609103162212
0.023248239614303702
0.0016983126401694665
0.013383532912960081
0.022433179529637099
0.015603078433925961
0.00019065911790909737
0.021640038615393691
0.0035328651554787389
0.0057870707999377879
0.0063712251862266499
0.024233408013518448
0.022006093245005999
0.0045885129551603131
0.0077788391585173061
0.0037534772129963149
0.016111389829730576
0.0001528427795491376
0.0010574214423940322
0.0086810248110249146
0.0094569598936616248
0.018504862269281035
0.019642540039097187
0.011501235209898023
0.01365270055300484
0.00419841734672454
0.019623934845093095
0.023947595419667286
0.022594664192971899
0.014171428430631003
0.009282748749044634
0.01351297526489726
0.02448662587954965
0.016383125026733919
0.0088640784189051719
0.023235777903594733
0.0085437362571379322
0.024588375854785474
0.012081894518126952
0.0038980011707509645
0.018097266288852425
0.012877212704470941
0.0059802683979721903
0.024354524112633585
0.022438188239511551
0.0057998618511737147
0.019554789034777694
0.007194842271779303
0.011968374361337018
0.022607933502713631
0.022693579810603808
0.0029797595629563853
0.023909945265602889
0.019635721124479335
0.021437426314477273
0.018541882095076088
0.012817331559466879
0.019303847748743747
0.014897607730706608
0.016504580033233036
0.0099026406872729025
0.0033622516718339354
0.015104224249765532
0.011275664024543578
0.0085114207856805662
0.01050943842250778
0.002569470312850426
0.016768187172772068
0.0043832680300463318
0.022955002071745195
0.010380021672840158
0.024686366655136276
0.0063269393705429992
0.0024195954799836735
0.014529080424708008
0.01418839635295073
0.016112867576764462
0.014168555033864173
0.021514804540050562
0.016002703333663451
0.0084634475643366163
0.0013838557369036516
0.0081641299534856385
0.0026309437912586573
0.0058749316736567405
0.024492684526484173
0.020624930778690178
0.020938300332117056
0.009380802049139738
0.00028838027902079613
0.0050828495648236032
0.022249255398368577
0.022473513232632223
0.019552367572684849
0.004979637820349072
0.020330296430899893
0.0055607815560526656
0.023898089642233489
0.0073915646990949432
0.010090764633452562
0.011811815039060427
0.019001424716855272
0.0021564332704152498
0.009460836494890431
0.021215152283269027
0.023181481987424507
0.017288109707138968
0.0082643752613736614
0.016705724408848873
0.01643399856292186
0.005789245860893427
0.010699458556930679
0.020336587533061688
0.0021432601852368342
0.0042742292730584153
0.017401062434254589
0.017054828941561146
0.016908504780812093
0.0041039249814440173
0.008307601587744691
0.01186080867594127
0.0017149794466728508
0.0065650225976045546
0.011524999947182757
0.017281300880929364
0.013518457586986233
0.010195773785804055
0.023120877791631259
0.0036323265922390204
0.021222912885353939
0.023982711766353172
0.014910090129327768
0.019027264748872761
0.015078882112539278
0.018623003449170252
0.00076760830891388723
0.0036481390441391991
0.0070202237859595023
0.018853485459626399
0.024575604120602189
0.0088799727497057505
0.019127421586316959
0.018486684845368764
0.0058320529096305956
0.00076619421545979648
0.018877329371831664
0.0095926693013941421
0.0097854403801511478
0.01647545105654075
0.00087279063653950071
0.0084393999419975427
0.020995861258682583
0.0058306039426413176
0.0075763216090242464
0.02442735656592546
0.011428132821259606
0.005409120397680843
0.0055239807168894891
0.0036327634858325233
0.0044445995858350433
0.0047727847011354166
0.010141102276464151
0.013369567686082544
0.015122434195021283
0.019820426777429838
0.019022508155083925
0.024204953044248412
0.020280036422358243
0.013864768332619756
0.02172996509101776
0.003387660537440784
0.0085802137979434732
0.017673920400950303
0.011874043746293748
0.0012763064925130493
0.017636368348195403
0.011541401844363936
0.0058304489688532921
0.008606956715273905
0.020693781448657512
0.019125500612390958
0.014985099790327465
0.014200497104995491
0.0050733531394182617
0.010145360219298828
0.0048535445503780379
0.020353482200785093
0.0062436152748417649
0.01077359542415058
0.0099009925668114371
0.0034497098504431938
0.019840654231048641
0.017445547797242219
0.012576200922061851
0.00020646206499866143
0.012758454596348572
0.019552293992475125
0.016653541989674614
0.018103784378933039
0.024836808307198366
0.01282549055051333
0.02461807589362015
0.019789495843699701
0.0079689417952339553
0.00020043324256157372
0.0029451550124814825
0.0014505004513805239
0.0015792884723291611
0.0018869727289668871
0.003562165034253511
0.001475949902090054
0.016946291936825363
0.0039132847731361041
0.012328939365631526
0.0033317213721999958
0.00073288739038409971
0.022164252390876712
0.0043096343601406141
0.024014786606553023
0.0063336919509697576
0.00025542966470734998
0.021173188091832492
0.0022093189479155113
0.0044080010204796786
0.0078882550436650059
0.020626518117543065
0.00072955729825579098
0.00010625144490054053
0.0056602635728243405
0.023908022856054208
0.021126562163161781
0.015141961654039238
0.0015193574857032674
0.024637675384017638
0.01448994211647385
0.019702219708206029
0.0057931949779069392
0.0012176080060670401
0.0077102401301485587
0.0034649254715630158
0.0010398057877401058
0.0058255517887308306
0.020892290009767302
0.0097548344603982425
0.015120215525107157
0.0057524364381900837
0.017786414754414288
0.014479377596413663
0.0031308970915516995
0.014136393448559537
0.002414799472746225
0.018845614580932896
0.0001951128408542198
0.0095469073615429504
0.018672521442255934
0.0032006011900836012
0.0056038878263324271
0.0060034727229640299
0.00011828652012358428
0.0039787446773101561
0.0037227869685315155
0.0034465368708061802
0.024804652816604045
0.011527393051483347
0.024641645512475999
0.011889559957604488
0.0050401296145665981
0.015377314671528308
0.022249441090849659
0.015576632142729349
0.024526206722097953
0.01246885411477499
0.00030460039562967196
0.0024430149715791737
0.0042839112206685959
0.022151515019814869
0.022592887386398156
0.011884537003719555
0.023787077239251681
0.0152079765036551
0.0077522873479735303
0.004171603875913559
0.0032962919120409022
0.019587350841353973
0.0080506224717166071
0.023960894949995815
0.021078802106508206
0.017495747338056075
0.002834889415962368
0.0026309994068485789
0.0044772214165655997
0.0055430513077287602
0.0023540089231999682
0.0015022078174714538
0.02458131566963977
0.0036742757284476714
0.0052542020566489012
0.011519857749428259
0.0014374822224737147
0.0085149880275517051
0.019794761995350629
0.0028201643683316759
0.01865005003201781
0.01562979762322704
0.02364813473894517
0.014765557207705735
0.023100721340248542
0.0008809062890952744
0.010257210365060169
0.00065038939501892525
0.010414058874057518
0.012072971648847226
0.017607480208991659
0.0012118481599004941
0.0045591367428963331
0.022225147192008434
0.010110467459090977
0.021534898104337438
0.0012656919578721271
0.0058952875771322725
0.0018415378829305885
0.0096899570481923328
0.012986903020084583
0.0071543731814242917
0.01563983133987841
0.011593870423295837
0.007731317314791793
0.020656236678032253
0.0050821082876654489
0.017015831722403795
0.0013361086375182029
0.0059539748730833772
0.0040141222536893431
0.019162077941210783
0.019318498754443143
0.013579737849836194
0.0033826190521914772
0.016385621338907717
0.024128651400565703
0.017797869767264832
0.0076559755617640621
0.020067310679852506
0.0061295411265982324
0.016151247344415229
0.019988391282375083
0.0063953916516990986
0.0029780436167549059
0.011521570681037678
0.017583180662885573
0.024388382260874312
0.01817249739510406
0.013538077427648208
0.0023406755344052184
0.017525176797522416
0.014333857410840733
0.0060797315882226812
0.015379260242753781
0.018538681625576359
0.015713745346739288
0.0041231443217504193
0.0098854484185810949
0.0013677185983638567
0.010879988144711914
0.00784366207170808
0.024719723574045213
0.0016292133502228926
0.017118537932194255
0.024338055331074134
0.0048426123162493579
0.023809922824315759
0.019338459417685572
0.011762990389552117
0.002346056634934052
0.0017148043841643829
0.011493057406131543
0.021461436625910688
0.014536691773353804
0.011030811038889463
0.0091950026501673374
0.0047212246588582358
0.0062350468396871143
0.02101395658556331
0.00072047008568109142
0.023884609490058991
0.00037779687431377038
0.002259578686917973
0.024366424797864935
0.015101838444057929
0.014747453573968665
0.012432915074641804
0.021764712405880338
0.02469998329279505
0.023455742136198093
0.0030502207450237885
0.021056885303342317
0.019850023583718554
0.024388464033078951
0.0043329717344987549
0.011331495370819372
0.012457705437438828
0.0019125700812233715
0.009908450029036597
0.020698973218178734
0.023582100745602356
0.015128548664924987
0.018577194285024863
0.011033144040972252
0.011218255831320372
0.024394746447063582
0.022812529139809298
0.021359637016270264
0.014941938389091863
0.010273542215846853
0.010206779736434754
0.0081962354629087717
0.022186282325390189
0.015880113745894164
0.022899549679613076
0.0097111051791088452
0.0063947558113330635
0.011701006466644145
0.017685423792249817
0.010400703644172503
0.017258342825518504
0.024877191822156895
0.00019087946053596819
0.020707235396159571
0.0049056911279636642
0.024109190601845059
0.0083985156455979038
0.011113269770409859
0.0097604468392985724
0.011392172302745623
0.0010164720604888191
0.0047914452225771747
0.0077020211933615532
0.013924470558720871
0.02248948008066461
0.0062695830097374266
0.0032935543056618259
0.010081872488633492
0.00476060209423778
0.010591862640235507
0.012067060618168221
0.0080663373298260482
0.019802514523317508
0.00088212483680311039
0.01532912489656202
0.0055253107528405914
0.0084206299123301687
0.022791056577285217
0.023474697055821721
0.0059759911016299717
0.010139104503913842
0.006560166487990537
0.0027602369358627854
0.0040498609773463373
0.0030527986817857661
0.0190797694256402
0.0018665592563415219
0.018513393641301053
0.00064319187264757702
0.01069054919511913
0.016765072703612865
0.018646466764846943
0.015492218657112016
0.012257595840346814
0.016905597049859895
0.021813299979366683
0.020939965933604612
0.0094023350831303962
0.024189888778424394
0.0051935996461819041
0.017860753569081584
0.011188116346515333
0.0063110943963261461
0.00070563826386739676
0.0066737663625354568
0.0088540455838399031
0.0062251483258068674
0.018529408579166483
0.0070474592680592639
0.016461504075253451
0.013081398679973306
0.015302819117657733
0.013366094644096667
0.00016732811009158204
0.0066541186157726556
0.0099858098362015559
0.0071858487544976344
0.0012669628027475166
0.010695100983329859
0.0006950305588244712
0.0021523637634637887
0.012055965905944455
0.011019715514012318
0.00062504275771901657
0.012258703610036895
0.0010229991319201973
0.0057151304011070769
0.016504781464080933
0.021817334671229871
0.0032842250527065375
0.024515786586887793
0.0024458130576537644
0.02443575942504812
0.01171818120707298
0.00072958868342975309
0.0042122482608203489
0.021704188486115324
0.0093596189548306973
0.02371189382531478
0.0099559208365153518
0.0022500887865128487
0.0031969273042076105
0.017555457459347088
0.0088804567822841195
0.0025225056475242417
0.0058524299025219471
0.02214624498052398
0.024597630487369994
0.00040302900080993546
0.024728676647109395
0.0020811387530806336
0.011969513090614562
0.0059894079084947
0.0095990969772797967
0.0044246565614867442
0.0051512312652971619
0.024474128605749591
0.0091342147323617857
0.00031901793403038217
0.0018556474091394185
0.021637525876932247
0.010090150798561763
0.020187144351171426
0.024480794288696744
0.0033100827290384227
0.016763214336072699
0.020337030916590247
0.0065094352170198466
0.016520504094694466
0.018188266163586184
0.0068553660456948202
0.022814523954827994
0.023901586321640307
0.0071445235124215955
9.7977086245880748e-06
0.0030330407854942403
0.0060842701557440385
0.0025076197800310428
0.00048065337787041703
0.0018153809566512059
0.012112358706349149
0.017541172789719155
0.015093435203257502
0.0017919594416158653
0.00098815803320103008
0.020466722387642595
0.015465298142097504
0.01511313897811439
0.0083761884949657053
0.01551129424142618
0.016298082247081947
0.0058039771196532024
0.016670460083663182
0.0055592428940324989
0.012193519105977173
0.0088058119345010358
0.0034223542586870751
0.0010462108438993845
0.019462373191093531
0.012936526804626172
0.00045409877851501504
0.012449823963540458
0.013500839691550456
0.012020609522613853
0.02132660956872728
0.0040206855330138279
0.019659993466574453
0.0014220019031969473
0.017102335558670134
0.020059141592811951
0.011014523335740307
0.012876414661614283
0.010164137972296055
0.0094789387138949979
0.0026947292500944346
0.00045979171029823102
0.017248525992903295
0.017919396201192702
0.0079008346014354854
0.019750570040365952
0.010094880350591716
0.012051745018708935
0.0018466717964792862
0.022726973595030158
0.0010218716554410848
0.011628747006662016
0.0050533884707422106
0.015907502673694684
0.017219114888997446
0.010042342698348616
0.024319485185424781
0.00033470145521019204
0.0083028615602734977
0.01078351359014771
0.015083075276928455
0.003488666302314607
0.021895050402943119
0.018158218278974545
0.00030112025590681298
0.020090916353548968
0.014824771001977178
0.0071224169388911995
0.0024265101362266886
0.02323388029886066
0.011720555513313469
0.0026478645418131943
0.0072158195571253303
0.016857612950220563
0.0072370330594212964
0.022633569606757088
0.015787495755502541
0.0077138802765521642
0.009585621115262238
0.0029135322317189708
0.024842946675942442
0.0098566990553708416
0.0037310232993607818
0.0055160921635465507
0.022379780067893002
0.010180674030848465
0.023040880721973477
0.014303829521232898
0.014445196347783429
0.00047091993165042291
0.00082569493670791195
0.0004301448111983589
0.014244975383037985
0.019403705026331302
0.0014854359574521428
0.012533739717507037
0.00074648453095771915
0.0010187086491880157
0.021634126312147572
0.0047304469988725924
0.0066371655962423389
0.00149392951167818
0.00057352018230556528
0.0087583764136315856
0.0017423774173286645
0.0013159380673790114
0.0036192091471515964
0.013131226028351551
0.019411984635571835
0.0071323037550255252
0.003649977845158837
0.021561898248215118
0.0021025477714971814
0.0032565139580937492
0.022007016813849527
0.010948027730669826
0.0056937543921751887
0.013819931358414058
0.003769964794879275
0.00025551366300078678
0.0077656400029047458
0.015411603308100923
0.02118786298467892
0.0048304573087859523
0.021055711784554308
0.013904923128002155
0.013325539807572697
0.024875878411018456
0.0070463862010084815
0.0048041294438910939
0.01314773122771928
0.0022739463466430482
0.022451104426447804
0.00068236059807640678
0.004753468145812006
0.014595450367164821
0.017648435699458915
0.012676922843494198
0.015651652782588611
0.01891289780459603
0.016741865809428321
0.022473450891222903
0.019278583726789367
0.018311275166444724
0.0082113349473160232
0.016739320361106202
0.01435587140322662
0.015587977856420828
0.023232250521925634
0.011706739322192966
0.01810277367546367
0.021978804658031967
0.013580507107445147
0.022238866590721659
0.020814247049338937
0.014538215966885306
0.020107091685297417
0.004582314486431145
0.016253050951629672
0.024264431896543488
0.012687615443053645
0.013765636698153992
0.020128118349078846
0.0055858017705377695
0.020003708021769824
0.015707109272588404
0.020947990702732164
0.0048646923967553338
0.022148715112725141
0.013935167312209206
0.011414027976877553
0.016969068707709763
0.023342513871123276
0.014233939401324577
0.011291518102940365
0.015231517035466317
0.002095289745840943
0.023721072057637672
0.022683030713440598
0.015144129931471574
0.00023584756623420993
0.023355679720707345
0.018450136290435976
0.00099338024252976177
0.015207414974633545
0.0020469439946487243
0.0055197396708986015
0.0061015890899381508
0.0079182761484842667
0.017581340765124708
0.0041290727005401789
0.007686419479047143
0.015882453676235329
0.0010427355661515015
0.0011279650810940231
0.019103816545981454
0.006499620242911488
0.0074412384826541503
0.011175971827830254
0.0065769313645801164
0.0093734335883864997
0.0093718761878783408
0.0012629192598138262
0.023291578024464174
0.0057660197455511137
0.0059226311519380171
0.0069123678045095423
0.024324058941880791
0.016500759782359518
0.0045490006840954939
0.021734236696437165
0.0030087311712340679
0.017818179703573942
0.016101250531569446
0.012819907535611415
0.0012318051872556952
0.010151252374120415
0.0035951240836979296
0.0027963640272992149
0.0034293833193762024
0.00066510763741112796
0.021673394608831231
0.020897793178012741
0.011788231218796302
0.0060963714911108817
0.022263885908975319
0.0090852877159612946
0.012564470206408896
0.0074872438004263539
0.0095222389528977491
0.0017262773567453887
0.016857701754531797
0.0045104389088575997
0.0067826917733581063
0.015049086289921786
0.013834732062055806
0.0027836811643038601
0.014529652472950428
0.018982072518458789
0.02343887721796533
0.02078045901920509
0.013952425917963978
0.014881201240909466
0.022700033107973326
0.014689687461930726
0.0046171341230776238
0.0028490940711102153
0.012635865059956173
0.017521888777296872
0.013511783696532277
0.0082100445306281036
0.0029403215611393998
0.0077010142945915872
0.010433603942028741
0.020404536995245259
0.014756652505830196
0.0026751601829362332
0.0017197055702564462
0.0066658207167435589
0.016682722080475196
0.017512652362769113
0.017000718853902443
0.024221032324972202
0.0180706232138527
0.018031191626175974
0.0063404739270142216
0.00070414804149117175
0.00787125816138309
0.019479135602930537
0.00013098995325650284
0.0060423222981238521
0.0052334917452263301
0.00057992078925011258
0.0064218527100579886
0.017357267578236732
0.0033676558137462754
